-- 모든 더미 데이터 삽입 합체문

SELECT * FROM user;

INSERT INTO user (user_email, user_pw, user_phone, user_name, user_gender, user_address, user_image, user_nickname, user_height, user_weight, user_join, user_leave, user_report, user_grant) VALUES
('kim1234@gmail.com', 'password1234', '010-1234-5678', '김영희', 'F', '서울시 강남구 테헤란로 123', 'https://example.com/image1.jpg', 'supergirl', 162.5, 50.0, '2025-01-01', NULL, 0, 'N'),
('lee5678@naver.com', 'mypassword5678', '010-2345-6789', '이민수', 'M', '서울시 송파구 올림픽로 456', 'https://example.com/image2.jpg', 'lazyboy', 175.0, 70.5, '2025-01-02', NULL, 1, 'N'),
('choi9876@daum.net', 'mysecret9876', '010-3456-7890', '최지우', 'F', '서울시 마포구 홍익로 789', 'https://example.com/image3.jpg', 'cherryblossom', 158.7, 45.3, '2025-01-03', NULL, 0, 'Y'),
('park4567@kakao.com', 'password4567', '010-4567-8901', '박찬호', 'M', '서울시 강동구 양재대로 101', 'https://example.com/image4.jpg', 'speedster', 180.3, 85.2, '2025-01-04', NULL, 0, 'N'),
('jung2345@naver.com', 'secure2345', '010-5678-9012', '정유진', 'F', '서울시 중구 명동 234', 'https://example.com/image5.jpg', 'moonlight', 165.4, 53.7, '2025-01-05', NULL, 0, 'N'),
('kim5678@hanmail.net', 'mypassword5678', '010-6789-0123', '김소희', 'F', '서울시 구로구 디지털로 567', 'https://example.com/image6.jpg', 'snowflake', 160.2, 49.8, '2025-01-06', NULL, 0, 'Y'),
('lee2345@kakao.com', 'mypassword2345', '010-7890-1234', '이상훈', 'M', '서울시 서초구 서초동 234', 'https://example.com/image7.jpg', 'nightcrawler', 172.1, 67.4, '2025-01-07', NULL, 0, 'N'),
('choi8765@daum.net', 'mysecure8765', '010-8901-2345', '최현정', 'F', '서울시 용산구 한남동 876', 'https://example.com/image8.jpg', 'rainbowgirl', 157.3, 48.5, '2025-01-08', NULL, 0, 'N'),
('park2345@naver.com', 'mypassword2345', '010-9012-3456', '박서준', 'M', '서울시 동작구 상도로 234', 'https://example.com/image9.jpg', 'supernova', 178.9, 74.8, '2025-01-09', NULL, 0, 'N'),
('jung6789@kakao.com', 'mypassword6789', '010-1234-5679', '정호철', 'M', '서울시 성북구 종암로 678', 'https://example.com/image10.jpg', 'fasttrack', 170.3, 68.2, '2025-01-10', NULL, 0, 'N'),
('kim2345@hanmail.net', 'secure2345', '010-2345-6780', '김민지', 'F', '서울시 관악구 관악로 234', 'https://example.com/image11.jpg', 'sunshine', 163.4, 52.1, '2025-01-11', NULL, 0, 'N'),
('lee8901@naver.com', 'mypassword8901', '010-3456-7891', '이선영', 'F', '서울시 강북구 번동 890', 'https://example.com/image12.jpg', 'goldenflower', 159.6, 50.4, '2025-01-12', NULL, 0, 'N'),
('choi3456@kakao.com', 'mypassword3456', '010-4567-8902', '최명호', 'M', '서울시 종로구 종로 345', 'https://example.com/image13.jpg', 'lightningbolt', 174.5, 71.2, '2025-01-13', NULL, 0, 'N'),
('park6789@daum.net', 'secure6789', '010-5678-9013', '박진희', 'F', '서울시 은평구 불광로 678', 'https://example.com/image14.jpg', 'snowstorm', 161.0, 55.3, '2025-01-14', NULL, 0, 'N'),
('jung1234@hanmail.net', 'password1234', '010-6789-0124', '정명수', 'M', '서울시 서대문구 연세로 1234', 'https://example.com/image15.jpg', 'stormbreaker', 168.7, 65.9, '2025-01-15', NULL, 0, 'Y'),
('kim8901@kakao.com', 'mypassword8901', '010-7890-1235', '김정훈', 'M', '서울시 강남구 삼성로 8901', 'https://example.com/image16.jpg', 'icebreaker', 172.9, 76.3, '2025-01-16', NULL, 0, 'N'),
('lee1234@daum.net', 'mypassword1234', '010-8901-2346', '이진우', 'M', '서울시 동대문구 청량리 1234', 'https://example.com/image17.jpg', 'blazingstar', 180.6, 80.1, '2025-01-17', NULL, 0, 'N'),
('choi5678@naver.com', 'secure5678', '010-9012-3457', '최재호', 'M', '서울시 강서구 공항대로 5678', 'https://example.com/image18.jpg', 'ironman', 176.4, 73.5, '2025-01-18', NULL, 0, 'N'),
('park1234@hanmail.net', 'mypassword1234', '010-0123-4567', '박혜원', 'F', '서울시 양천구 목동 1234', 'https://example.com/image19.jpg', 'wildflower', 164.3, 51.2, '2025-01-19', NULL, 0, 'N'),
('jung8901@daum.net', 'mypassword8901', '010-1234-5670', '정유리', 'F', '서울시 강동구 천호대로 8901', 'https://example.com/image20.jpg', 'twinkle', 167.0, 54.0, '2025-01-20', NULL, 0, 'N');

INSERT INTO user (user_email, user_pw, user_phone, user_name, user_gender, user_address, user_image, user_nickname, user_height, user_weight, user_join, user_leave, user_report, user_grant) VALUES
('lee5679@naver.com', 'mypassword5679', '010-2345-6790', '이윤지', 'F', '서울시 마포구 월드컵로 567', 'https://example.com/image22.jpg', 'peachblossom', 158.4, 48.2, '2025-01-22', NULL, 0, 'N'),
('choi9877@daum.net', 'mysecret9877', '010-3456-7892', '최성준', 'M', '서울시 용산구 한강로 987', 'https://example.com/image23.jpg', 'moonwalker', 177.0, 72.0, '2025-01-23', NULL, 0, 'N'),
('park4568@kakao.com', 'password4568', '010-4567-8903', '박정수', 'M', '서울시 성북구 동소문로 456', 'https://example.com/image24.jpg', 'rockstar', 183.0, 88.0, '2025-01-24', NULL, 0, 'N'),
('jung2346@naver.com', 'secure2346', '010-5678-9014', '정미래', 'F', '서울시 동대문구 서울로 234', 'https://example.com/image25.jpg', 'pinkdaisy', 161.5, 54.8, '2025-01-25', NULL, 0, 'N'),
('kim5679@hanmail.net', 'mypassword5679', '010-6789-0125', '김서영', 'F', '서울시 중구 을지로 567', 'https://example.com/image26.jpg', 'lovelyrose', 164.2, 51.0, '2025-01-26', NULL, 0, 'N'),
('lee2346@kakao.com', 'mypassword2346', '010-7890-1236', '이재호', 'M', '서울시 강남구 도산대로 234', 'https://example.com/image27.jpg', 'flashlight', 173.5, 70.1, '2025-01-27', NULL, 0, 'N'),
('choi8766@daum.net', 'mysecure8766', '010-8901-2347', '최수현', 'F', '서울시 관악구 남부순환로 876', 'https://example.com/image28.jpg', 'butterflykiss', 160.8, 49.3, '2025-01-28', NULL, 0, 'N'),
('park2346@naver.com', 'mypassword2346', '010-9012-3458', '박성호', 'M', '서울시 서초구 양재대로 234', 'https://example.com/image29.jpg', 'darksoul', 176.0, 70.3, '2025-01-29', NULL, 0, 'N'),
('jung6788@kakao.com', 'mypassword6788', '010-1234-5680', '정시현', 'F', '서울시 종로구 청계천로 678', 'https://example.com/image30.jpg', 'lilacdream', 159.7, 47.5, '2025-01-30', NULL, 0, 'N'),
('kim2346@hanmail.net', 'secure2346', '010-2345-6781', '김태경', 'M', '서울시 강동구 길동 234', 'https://example.com/image31.jpg', 'blackhawk', 178.4, 72.4, '2025-01-31', NULL, 0, 'N'),
('lee8902@naver.com', 'mypassword8902', '010-3456-7893', '이주영', 'M', '서울시 송파구 올림픽로 8902', 'https://example.com/image32.jpg', 'speedstar', 180.1, 74.9, '2025-02-01', NULL, 0, 'N'),
('choi3457@kakao.com', 'mypassword3457', '010-4567-8904', '최미경', 'F', '서울시 마포구 성미산로 3457', 'https://example.com/image33.jpg', 'goldenheart', 155.8, 46.7, '2025-02-02', NULL, 0, 'N'),
('park6788@daum.net', 'secure6788', '010-5678-9015', '박지후', 'M', '서울시 성북구 안암로 6788', 'https://example.com/image34.jpg', 'thunderstorm', 181.0, 80.0, '2025-02-03', NULL, 0, 'N'),
('jung1235@hanmail.net', 'password1235', '010-6789-0126', '정지훈', 'M', '서울시 동작구 상도로 1235', 'https://example.com/image35.jpg', 'blacklion', 174.2, 69.7, '2025-02-04', NULL, 0, 'N'),
('kim8902@kakao.com', 'mypassword8902', '010-7890-1237', '김도영', 'M', '서울시 서초구 반포대로 8902', 'https://example.com/image36.jpg', 'sunray', 177.5, 73.0, '2025-02-05', NULL, 0, 'N'),
('lee1235@daum.net', 'mypassword1235', '010-8901-2348', '이상호', 'M', '서울시 강북구 미아동 1235', 'https://example.com/image37.jpg', 'redstorm', 168.4, 66.1, '2025-02-06', NULL, 0, 'N'),
('choi5679@naver.com', 'secure5679', '010-9012-3459', '최유정', 'F', '서울시 은평구 역촌로 5679', 'https://example.com/image38.jpg', 'moonqueen', 161.2, 52.8, '2025-02-07', NULL, 0, 'N'),
('park1235@hanmail.net', 'mypassword1235', '010-0123-4568', '박태훈', 'M', '서울시 광진구 자양로 1235', 'https://example.com/image39.jpg', 'goldenbear', 172.7, 71.4, '2025-02-08', NULL, 0, 'N'),
('jung8902@daum.net', 'mypassword8902', '010-1234-5681', '정성민', 'M', '서울시 중랑구 용마산로 8902', 'https://example.com/image40.jpg', 'mysticwind', 169.4, 65.2, '2025-02-09', NULL, 0, 'N');

INSERT INTO user (user_email, user_pw, user_phone, user_name, user_gender, user_address, user_image, user_nickname, user_height, user_weight, user_join, user_leave, user_report, user_grant) VALUES
('kim1236@gmail.com', 'password1236', '010-1234-5682', '김주영', 'F', '서울시 강동구 성내로 1236', 'https://example.com/image41.jpg', 'dreamcatcher', 161.0, 51.6, '2025-02-10', '2025-02-11', 1, 'N'),
('lee5680@naver.com', 'mypassword5680', '010-2345-6791', '이하늘', 'M', '서울시 송파구 잠실로 5680', 'https://example.com/image42.jpg', 'starlight', 175.2, 70.8, '2025-02-11', NULL, 0, 'N'),
('choi9878@daum.net', 'mysecret9878', '010-3456-7894', '최수빈', 'F', '서울시 마포구 서교로 9878', 'https://example.com/image43.jpg', 'rainstorm', 160.1, 49.7, '2025-02-12', NULL, 0, 'N'),
('park4569@kakao.com', 'password4569', '010-4567-8905', '박형석', 'M', '서울시 강북구 한천로 4569', 'https://example.com/image44.jpg', 'twilight', 179.0, 75.5, '2025-02-13', '2025-02-14', 3, 'N'),
('jung2347@naver.com', 'secure2347', '010-5678-9016', '정수경', 'F', '서울시 동대문구 장한로 2347', 'https://example.com/image45.jpg', 'wildrose', 165.3, 54.2, '2025-02-14', NULL, 0, 'N'),
('kim5680@hanmail.net', 'mypassword5680', '010-6789-0127', '김유리', 'F', '서울시 중구 을지로 5680', 'https://example.com/image46.jpg', 'silverfox', 162.4, 50.1, '2025-02-15', '2025-02-16', 2, 'N'),
('lee2347@kakao.com', 'mypassword2347', '010-7890-1238', '이정윤', 'M', '서울시 서초구 서초로 2347', 'https://example.com/image47.jpg', 'cyclone', 174.8, 71.0, '2025-02-16', NULL, 0, 'N'),
('park2347@naver.com', 'mypassword2347', '010-9012-3460', '박상민', 'M', '서울시 성북구 보문로 2347', 'https://example.com/image49.jpg', 'rocknroll', 180.7, 78.4, '2025-02-18', NULL, 0, 'N'),
('kim2347@hanmail.net', 'secure2347', '010-2345-6782', '김은지', 'F', '서울시 강동구 암사로 2347', 'https://example.com/image51.jpg', 'nightdream', 163.0, 52.3, '2025-02-20', '2025-02-21', 4, 'N'),
('lee8903@naver.com', 'mypassword8903', '010-3456-7895', '이하린', 'F', '서울시 강북구 삼각지로 8903', 'https://example.com/image52.jpg', 'goldenray', 160.9, 49.8, '2025-02-21', NULL, 0, 'N'),
('choi3458@kakao.com', 'mypassword3458', '010-4567-8906', '최우진', 'M', '서울시 동작구 노량진로 3458', 'https://example.com/image53.jpg', 'eaglewing', 178.1, 73.5, '2025-02-22', NULL, 0, 'N'),
('jung1236@hanmail.net', 'password1236', '010-6789-0128', '정효정', 'F', '서울시 강서구 등촌로 1236', 'https://example.com/image55.jpg', 'glowstar', 162.2, 53.0, '2025-02-24', '2025-02-25', 2, 'N'),
('kim8903@kakao.com', 'mypassword8903', '010-7890-1239', '김태우', 'M', '서울시 은평구 통일로 8903', 'https://example.com/image56.jpg', 'thunderbolt', 181.5, 82.3, '2025-02-25', NULL, 0, 'N'),
('lee1236@daum.net', 'mypassword1236', '010-8901-2349', '이수민', 'F', '서울시 중랑구 면목로 1236', 'https://example.com/image57.jpg', 'peachy', 159.6, 48.9, '2025-02-26', NULL, 0, 'N'),
('park1236@hanmail.net', 'mypassword1236', '010-0123-4569', '박유진', 'M', '서울시 구로구 고척로 1236', 'https://example.com/image59.jpg', 'starshadow', 177.8, 75.1, '2025-02-28', '2025-03-01', 5, 'N'),
('jung8903@daum.net', 'mypassword8903', '010-1234-5684', '정찬호', 'M', '서울시 서대문구 북아현로 8903', 'https://example.com/image60.jpg', 'nightmare', 169.3, 68.4, '2025-03-01', NULL, 0, 'N');

INSERT INTO user (user_email, user_pw, user_phone, user_name, user_gender, user_address, user_image, user_nickname, user_height, user_weight, user_join, user_leave, user_report, user_grant) VALUES
('kim1237@gmail.com', 'password1237', '010-1234-5685', '김수진', 'F', '서울시 종로구 종로 1237', 'https://example.com/image61.jpg', 'goldenlady', 160.5, 52.7, '2025-03-02', '2025-03-03', 2, 'N'),
('lee5681@naver.com', 'mypassword5681', '010-2345-6792', '이정민', 'M', '서울시 중구 명동 5681', 'https://example.com/image62.jpg', 'silverstar', 174.0, 71.5, '2025-03-03', NULL, 0, 'N'),
('choi9879@daum.net', 'mysecret9879', '010-3456-7896', '최지영', 'F', '서울시 강서구 화곡로 9879', 'https://example.com/image63.jpg', 'rainyday', 161.2, 49.4, '2025-03-04', '2025-03-05', 1, 'N'),
('park4570@kakao.com', 'password4570', '010-4567-8907', '박동호', 'M', '서울시 구로구 디지털로 4570', 'https://example.com/image64.jpg', 'shadowhunter', 177.6, 74.0, '2025-03-05', NULL, 0, 'N'),
('jung2348@naver.com', 'secure2348', '010-5678-9018', '정호진', 'M', '서울시 송파구 올림픽로 2348', 'https://example.com/image65.jpg', 'wildbeast', 180.2, 78.5, '2025-03-06', NULL, 0, 'N'),
('kim5681@hanmail.net', 'mypassword5681', '010-6789-0129', '김지아', 'F', '서울시 강북구 도봉로 5681', 'https://example.com/image66.jpg', 'peachykeen', 163.5, 50.9, '2025-03-07', '2025-03-08', 4, 'N'),
('lee2348@kakao.com', 'mypassword2348', '010-7890-1240', '이재원', 'M', '서울시 강남구 도산대로 2348', 'https://example.com/image67.jpg', 'eclipse', 172.8, 70.2, '2025-03-08', NULL, 0, 'N'),
('choi8768@daum.net', 'mysecure8768', '010-8901-2350', '최연희', 'F', '서울시 강동구 천호로 8768', 'https://example.com/image68.jpg', 'stormcloud', 158.6, 47.9, '2025-03-09', '2025-03-10', 0, 'N'),
('park2348@naver.com', 'mypassword2348', '010-9012-3462', '박진경', 'M', '서울시 성북구 보문로 2348', 'https://example.com/image69.jpg', 'phantom', 179.3, 75.8, '2025-03-10', NULL, 0, 'N'),
('jung6790@kakao.com', 'mypassword6790', '010-1234-5686', '정하늘', 'M', '서울시 중구 을지로 6790', 'https://example.com/image70.jpg', 'blizzard', 177.9, 73.3, '2025-03-11', '2025-03-12', 3, 'N'),
('kim2348@hanmail.net', 'secure2348', '010-2345-6783', '김지훈', 'M', '서울시 서초구 서초대로 2348', 'https://example.com/image71.jpg', 'darkphoenix', 182.5, 79.4, '2025-03-12', NULL, 0, 'N'),
('lee8904@naver.com', 'mypassword8904', '010-3456-7897', '이하나', 'F', '서울시 성동구 성수동 8904', 'https://example.com/image72.jpg', 'moonlightshadow', 164.0, 52.4, '2025-03-13', NULL, 0, 'N'),
('choi3459@kakao.com', 'mypassword3459', '010-4567-8908', '최동혁', 'M', '서울시 중랑구 묵동 3459', 'https://example.com/image73.jpg', 'redhawk', 173.1, 70.7, '2025-03-14', NULL, 0, 'N'),
('park6790@daum.net', 'secure6790', '010-5678-9019', '박민재', 'M', '서울시 강남구 삼성로 6790', 'https://example.com/image74.jpg', 'goldenfury', 178.3, 76.4, '2025-03-15', '2025-03-16', 5, 'N'),
('jung1237@hanmail.net', 'password1237', '010-6789-0130', '정상호', 'M', '서울시 은평구 불광로 1237', 'https://example.com/image75.jpg', 'lightningstrike', 175.8, 72.5, '2025-03-16', NULL, 0, 'N'),
('kim8904@kakao.com', 'mypassword8904', '010-7890-1241', '김영진', 'F', '서울시 강동구 성내로 8904', 'https://example.com/image76.jpg', 'snowfall', 160.3, 51.3, '2025-03-17', '2025-03-18', 2, 'N'),
('lee1237@daum.net', 'mypassword1237', '010-8901-2351', '이한별', 'F', '서울시 송파구 잠실로 1237', 'https://example.com/image77.jpg', 'clearblue', 162.7, 53.5, '2025-03-18', NULL, 0, 'N'),
('choi5680@naver.com', 'secure5680', '010-9012-3463', '최지은', 'F', '서울시 광진구 자양로 5680', 'https://example.com/image78.jpg', 'starfall', 159.4, 48.3, '2025-03-19', NULL, 0, 'N'),
('park1237@hanmail.net', 'mypassword1237', '010-0123-4570', '박서영', 'F', '서울시 중구 을지로 1237', 'https://example.com/image79.jpg', 'rainbowdash', 165.2, 51.7, '2025-03-20', '2025-03-21', 0, 'N'),
('jung8904@daum.net', 'mypassword8904', '010-1234-5687', '정현우', 'M', '서울시 성동구 왕십리로 8904', 'https://example.com/image80.jpg', 'blackmamba', 174.5, 70.1, '2025-03-21', NULL, 0, 'N');

INSERT INTO user (user_email, user_pw, user_phone, user_name, user_gender, user_address, user_image, user_nickname, user_height, user_weight, user_join, user_leave, user_report, user_grant) VALUES
('kim1238@gmail.com', 'password1238', '010-1234-5688', '김지윤', 'F', '서울시 서초구 서초대로 1238', 'https://example.com/image81.jpg', 'sunshine', 161.8, 52.1, '2025-03-22', '2025-03-23', 1, 'N'),
('lee5682@naver.com', 'mypassword5682', '010-2345-6793', '이상우', 'M', '서울시 강동구 성내로 5682', 'https://example.com/image82.jpg', 'stormchaser', 175.3, 72.0, '2025-03-23', NULL, 0, 'N'),
('choi9880@daum.net', 'mysecret9880', '010-3456-7898', '최소희', 'F', '서울시 강북구 도봉로 9880', 'https://example.com/image83.jpg', 'rainbowmoon', 160.4, 49.2, '2025-03-24', '2025-03-25', 2, 'N'),
('park4571@kakao.com', 'password4571', '010-4567-8909', '박정환', 'M', '서울시 중구 을지로 4571', 'https://example.com/image84.jpg', 'nightstorm', 178.4, 75.6, '2025-03-25', NULL, 0, 'N'),
('jung2349@naver.com', 'secure2349', '010-5678-9020', '정민지', 'F', '서울시 송파구 잠실로 2349', 'https://example.com/image85.jpg', 'midnightstar', 162.3, 53.9, '2025-03-26', NULL, 0, 'N'),
('kim5682@hanmail.net', 'mypassword5682', '010-6789-0131', '김은경', 'F', '서울시 마포구 상암로 5682', 'https://example.com/image86.jpg', 'sunsetdream', 164.0, 51.5, '2025-03-27', '2025-03-28', 3, 'N'),
('lee2349@kakao.com', 'mypassword2349', '010-7890-1242', '이유정', 'F', '서울시 강남구 논현로 2349', 'https://example.com/image87.jpg', 'sweetmelody', 160.8, 49.1, '2025-03-28', NULL, 0, 'N'),
('choi8769@daum.net', 'mysecure8769', '010-8901-2352', '최우성', 'M', '서울시 성북구 보문로 8769', 'https://example.com/image88.jpg', 'thunderstrike', 177.0, 72.4, '2025-03-29', '2025-03-30', 0, 'N'),
('park2350@naver.com', 'mypassword2350', '010-9012-3464', '박지성', 'M', '서울시 용산구 한남로 2350', 'https://example.com/image89.jpg', 'skywarrior', 179.5, 76.1, '2025-03-30', NULL, 0, 'N'),
('jung6791@kakao.com', 'mypassword6791', '010-1234-5689', '정태훈', 'M', '서울시 종로구 경복궁로 6791', 'https://example.com/image90.jpg', 'frostbite', 174.9, 70.6, '2025-03-31', '2025-04-01', 1, 'N'),
('kim2349@hanmail.net', 'secure2349', '010-2345-6784', '김선희', 'F', '서울시 강서구 등촌로 2349', 'https://example.com/image91.jpg', 'bluebird', 163.2, 52.3, '2025-04-01', NULL, 0, 'N'),
('lee8905@naver.com', 'mypassword8905', '010-3456-7899', '이선영', 'F', '서울시 성동구 서울숲 8905', 'https://example.com/image92.jpg', 'clearwind', 162.5, 50.6, '2025-04-02', NULL, 0, 'N'),
('choi3460@kakao.com', 'mypassword3460', '010-4567-8910', '최지우', 'F', '서울시 동작구 사당로 3460', 'https://example.com/image93.jpg', 'pinkmoon', 160.3, 48.5, '2025-04-03', NULL, 0, 'N'),
('park6791@daum.net', 'secure6791', '010-5678-9021', '박세현', 'M', '서울시 중구 을지로 6791', 'https://example.com/image94.jpg', 'darkwave', 181.2, 77.2, '2025-04-04', '2025-04-05', 4, 'N'),
('jung1238@hanmail.net', 'password1238', '010-6789-0132', '정준호', 'M', '서울시 강동구 성내로 1238', 'https://example.com/image95.jpg', 'wildlight', 175.7, 73.0, '2025-04-05', NULL, 0, 'N'),
('kim8905@kakao.com', 'mypassword8905', '010-7890-1243', '김지석', 'M', '서울시 서초구 방배로 8905', 'https://example.com/image96.jpg', 'firestorm', 183.4, 79.9, '2025-04-06', '2025-04-07', 2, 'N'),
('lee1238@daum.net', 'mypassword1238', '010-8901-2353', '이시연', 'F', '서울시 광진구 능동로 1238', 'https://example.com/image97.jpg', 'eveningstar', 161.4, 51.1, '2025-04-07', NULL, 0, 'N'),
('choi5681@naver.com', 'secure5681', '010-9012-3465', '최가은', 'F', '서울시 강남구 도산대로 5681', 'https://example.com/image98.jpg', 'sunnydays', 164.6, 52.9, '2025-04-08', NULL, 0, 'N'),
('park1238@hanmail.net', 'mypassword1238', '010-0123-4571', '박시현', 'M', '서울시 동작구 사당로 1238', 'https://example.com/image99.jpg', 'mysticmoon', 178.9, 75.2, '2025-04-09', '2025-04-10', 0, 'N'),
('jung8905@daum.net', 'mypassword8905', '010-1234-5690', '정다혜', 'F', '서울시 서대문구 신촌로 8905', 'https://example.com/image100.jpg', 'brightstar', 162.0, 50.8, '2025-04-10', NULL, 0, 'N');

SELECT * FROM sticker;

INSERT INTO sticker (sticker_size, sticker_color) VALUES
('very small', 'red'),
('small', 'blue'),
('medium', 'green'),
('big', 'yellow'),
('very big', 'purple'),
('small', 'black'),
('medium', 'white'),
('big', 'orange'),
('very big', 'pink'),
('very small', 'gray'),
('small', 'brown'),
('medium', 'cyan'),
('big', 'violet'),
('very big', 'lime'),
('small', 'beige'),
('medium', 'magenta'),
('big', 'turquoise'),
('very big', 'indigo'),
('very small', 'teal'),
('small', 'gold');

INSERT INTO sticker (sticker_size, sticker_color) VALUES
('very small', 'silver'),
('small', 'magenta'),
('medium', 'chartreuse'),
('big', 'coral'),
('very big', 'fuchsia'),
('small', 'lavender'),
('medium', 'beige'),
('big', 'peach'),
('very big', 'mint'),
('very small', 'azure'),
('small', 'olive'),
('medium', 'salmon'),
('big', 'crimson'),
('very big', 'emerald'),
('small', 'plum'),
('medium', 'pearl'),
('big', 'amber'),
('very big', 'sapphire'),
('very small', 'amber'),
('small', 'mint'),
('medium', 'orchid'),
('big', 'periwinkle'),
('very big', 'turquoise'),
('small', 'ruby'),
('medium', 'blush'),
('big', 'emerald'),
('very big', 'scarlet'),
('small', 'teal'),
('medium', 'cobalt'),
('big', 'bronze'),
('very big', 'jade');

SELECT * FROM diary;

INSERT INTO diary (date, title, task, is_completed, color, user_id, sticker_id) VALUES
('2025-01-17', '운동 계획', '헬스장에서 1시간 운동하기', 'InProgress', 'red', 1, 3),
('2025-01-17', '업무 진행', '팀 미팅 준비 및 진행', 'Done', 'blue', 2, 5),
('2025-01-18', '집안일', '청소 및 정리 정돈', 'NotYet', 'green', 3, 1),
('2025-01-18', '공부', '프로그래밍 공부 2시간', 'InProgress', 'yellow', 4, 7),
('2025-01-19', '운동 계획', '조깅 5km 하기', 'Done', 'orange', 5, 2),
('2025-01-19', '책 읽기', '자기계발서 1시간 읽기', 'NotYet', 'purple', 6, 4),
('2025-01-20', '업무 진행', '프로젝트 문서 작성', 'InProgress', 'pink', 7, 6),
('2025-01-20', '공부', '영어 단어 외우기 30개', 'Done', 'brown', 8, 8),
('2025-01-21', '운동 계획', '자전거 30분 타기', 'InProgress', 'cyan', 9, 10),
('2025-01-21', '업무 진행', '주간 보고서 작성', 'Done', 'red', 10, 12),
('2025-01-22', '책 읽기', '소설 2시간 읽기', 'NotYet', 'blue', 11, 9),
('2025-01-22', '집안일', '세탁기 돌리고 빨래 걷기', 'InProgress', 'green', 12, 11),
('2025-01-23', '운동 계획', '헬스장에서 근력 운동', 'Done', 'yellow', 13, 13),
('2025-01-23', '공부', '수학 문제 풀기 1시간', 'InProgress', 'orange', 14, 14),
('2025-01-24', '운동 계획', '요가 1시간 하기', 'NotYet', 'pink', 15, 16),
('2025-01-24', '업무 진행', '회의록 작성', 'InProgress', 'green', 16, 15),
('2025-01-25', '책 읽기', '경제서적 1시간 읽기', 'Done', 'red', 17, 17),
('2025-01-25', '집안일', '주방 청소하기', 'NotYet', 'blue', 18, 18),
('2025-01-26', '운동 계획', '헬스장에서 스트레칭', 'InProgress', 'purple', 19, 19),
('2025-01-26', '업무 진행', '클라이언트 미팅 준비', 'Done', 'yellow', 20, 20),
('2025-01-27', '공부', '온라인 강의 듣기 1시간', 'InProgress', 'orange', 1, 1),
('2025-01-27', '운동 계획', '탁구 1시간 하기', 'Done', 'green', 2, 2),
('2025-01-28', '업무 진행', '팀 프로젝트 계획 세우기', 'NotYet', 'blue', 3, 3),
('2025-01-28', '책 읽기', '인문학 서적 1시간 읽기', 'Done', 'purple', 4, 4),
('2025-01-29', '운동 계획', '헬스장에서 유산소 운동', 'InProgress', 'red', 5, 5),
('2025-01-29', '집안일', '주말 대청소', 'NotYet', 'cyan', 6, 6),
('2025-01-30', '공부', '알고리즘 공부 2시간', 'Done', 'brown', 7, 7),
('2025-01-30', '운동 계획', '필라테스 1시간 하기', 'InProgress', 'pink', 8, 8);

INSERT INTO diary (date, title, task, is_completed, color, user_id, sticker_id) VALUES
('2025-01-17', '운동 계획', '헬스장에서 1시간 운동하기', 'InProgress', 'red', 1, 3),
('2025-01-17', '운동 계획', '조깅 5km 하기', 'Done', 'blue', 2, 5),
('2025-01-18', '운동 계획', '자전거 타기 30분', 'NotYet', 'green', 3, 1),
('2025-01-18', '운동 계획', '하체 근력 운동 1시간', 'InProgress', 'yellow', 4, 7),
('2025-01-19', '운동 계획', '헬스장에서 전신 운동', 'Done', 'orange', 5, 2),
('2025-01-19', '운동 계획', '요가 1시간 하기', 'InProgress', 'purple', 6, 4),
('2025-01-20', '운동 계획', '핸드벨 30분 운동하기', 'Done', 'pink', 7, 6),
('2025-01-20', '운동 계획', '클럽에서 탁구 1시간', 'InProgress', 'brown', 8, 8),
('2025-01-21', '운동 계획', '러닝머신 40분', 'Done', 'cyan', 9, 10),
('2025-01-21', '운동 계획', '집에서 팔굽혀펴기 100회', 'InProgress', 'red', 10, 12),
('2025-01-22', '운동 계획', '자전거 타기 1시간', 'NotYet', 'blue', 11, 9),
('2025-01-22', '운동 계획', '헬스장에서 가슴 운동', 'InProgress', 'green', 12, 11),
('2025-01-23', '운동 계획', '수영 1시간', 'Done', 'yellow', 13, 13),
('2025-01-23', '운동 계획', '하이킹 3시간', 'InProgress', 'orange', 14, 14),
('2025-01-24', '운동 계획', '필라테스 1시간', 'NotYet', 'pink', 15, 16),
('2025-01-24', '운동 계획', '자전거 타기 1시간', 'InProgress', 'green', 16, 15),
('2025-01-25', '운동 계획', '크로스핏 30분', 'Done', 'red', 17, 17),
('2025-01-25', '운동 계획', '수영 45분', 'NotYet', 'blue', 18, 18),
('2025-01-26', '운동 계획', '스트레칭 30분', 'InProgress', 'purple', 19, 19),
('2025-01-26', '운동 계획', '헬스장에서 하체 운동', 'Done', 'yellow', 20, 20),
('2025-01-27', '운동 계획', '런닝 5km 하기', 'InProgress', 'orange', 1, 1),
('2025-01-27', '운동 계획', '집에서 홈 트레이닝', 'Done', 'green', 2, 2),
('2025-01-28', '운동 계획', '웨이트 트레이닝 1시간', 'NotYet', 'blue', 3, 3),
('2025-01-28', '운동 계획', '수영 1시간', 'Done', 'purple', 4, 4),
('2025-01-29', '운동 계획', '자전거 타기 30분', 'InProgress', 'red', 5, 5),
('2025-01-29', '운동 계획', '헬스장에서 상체 운동', 'Done', 'cyan', 6, 6),
('2025-01-30', '운동 계획', '배드민턴 1시간', 'InProgress', 'brown', 7, 7),
('2025-01-30', '운동 계획', '러닝머신 1시간', 'Done', 'pink', 8, 8);

INSERT INTO diary (date, title, task, is_completed, color, user_id, sticker_id) VALUES
('2025-01-17', '등 운동', '헬스장에서 1시간 등 근육 운동', 'InProgress', 'red', 1, 3),
('2025-01-17', '런닝 뛰기', '조깅 5km 하기', 'Done', 'blue', 2, 5),
('2025-01-18', '오늘은 쉬기', '휴식을 취하며 스트레칭 20분', 'NotYet', 'green', 3, 1),
('2025-01-18', '하체 운동', '하체 근력 운동 1시간', 'InProgress', 'yellow', 4, 7),
('2025-01-19', '자전거 타기', '자전거 타기 30분', 'Done', 'orange', 5, 2),
('2025-01-19', '복근 운동', '매트에서 복근 운동 30분', 'InProgress', 'purple', 6, 4),
('2025-01-20', '팔 운동', '팔굽혀펴기 100회', 'Done', 'pink', 7, 6),
('2025-01-20', '탐험 운동', '클럽에서 탁구 1시간', 'InProgress', 'brown', 8, 8),
('2025-01-21', '달리기', '러닝머신 40분', 'Done', 'cyan', 9, 10),
('2025-01-21', '전신 운동', '집에서 전신 운동 1시간', 'InProgress', 'red', 10, 12),
('2025-01-22', '자전거 타기', '자전거 타기 1시간', 'NotYet', 'blue', 11, 9),
('2025-01-22', '상체 운동', '헬스장에서 상체 근육 운동 1시간', 'InProgress', 'green', 12, 11),
('2025-01-23', '수영', '수영 1시간', 'Done', 'yellow', 13, 13),
('2025-01-23', '하이킹', '하이킹 3시간', 'InProgress', 'orange', 14, 14),
('2025-01-24', '필라테스', '필라테스 1시간', 'NotYet', 'pink', 15, 16),
('2025-01-24', '자전거 타기', '자전거 타기 1시간', 'InProgress', 'green', 16, 15),
('2025-01-25', '크로스핏', '크로스핏 30분', 'Done', 'red', 17, 17),
('2025-01-25', '수영', '수영 45분', 'NotYet', 'blue', 18, 18),
('2025-01-26', '스트레칭', '스트레칭 30분', 'InProgress', 'purple', 19, 19),
('2025-01-26', '하체 운동', '헬스장에서 하체 운동', 'Done', 'yellow', 20, 20),
('2025-01-27', '달리기', '런닝 5km 하기', 'InProgress', 'orange', 1, 1),
('2025-01-27', '홈 트레이닝', '집에서 홈 트레이닝', 'Done', 'green', 2, 2),
('2025-01-28', '웨이트 트레이닝', '웨이트 트레이닝 1시간', 'NotYet', 'blue', 3, 3),
('2025-01-28', '수영', '수영 1시간', 'Done', 'purple', 4, 4),
('2025-01-29', '자전거 타기', '자전거 타기 30분', 'InProgress', 'red', 5, 5),
('2025-01-29', '상체 운동', '헬스장에서 상체 운동', 'Done', 'cyan', 6, 6),
('2025-01-30', '배드민턴', '배드민턴 1시간', 'InProgress', 'brown', 7, 7),
('2025-01-30', '러닝머신', '러닝머신 1시간', 'Done', 'pink', 8, 8);

INSERT INTO diary (date, title, task, is_completed, color, user_id, sticker_id) VALUES
('2025-01-31', '팔 운동', '덤벨로 팔 운동 1시간', 'InProgress', 'red', 1, 3),
('2025-01-31', '오늘은 쉬기', '휴식 및 스트레칭 20분', 'Done', 'blue', 2, 5),
('2025-02-01', '하체 운동', '스쿼트 100회', 'InProgress', 'green', 3, 1),
('2025-02-01', '복근 운동', '플랭크 3세트', 'NotYet', 'yellow', 4, 7),
('2025-02-02', '수영', '수영 1시간', 'Done', 'orange', 5, 2),
('2025-02-02', '하이킹', '하이킹 3시간', 'InProgress', 'purple', 6, 4),
('2025-02-03', '전신 운동', '헬스장에서 전신 운동 1시간', 'Done', 'pink', 7, 6),
('2025-02-03', '오늘은 쉬기', '휴식 및 스트레칭', 'NotYet', 'brown', 8, 8),
('2025-02-04', '자전거 타기', '자전거 타기 1시간', 'InProgress', 'cyan', 9, 10),
('2025-02-04', '필라테스', '필라테스 1시간', 'Done', 'red', 10, 12),
('2025-02-05', '배드민턴', '배드민턴 1시간', 'InProgress', 'blue', 11, 9),
('2025-02-05', '스트레칭', '전신 스트레칭 30분', 'Done', 'green', 12, 11),
('2025-02-06', '크로스핏', '크로스핏 30분', 'InProgress', 'yellow', 13, 13),
('2025-02-06', '자전거 타기', '자전거 타기 1시간', 'Done', 'orange', 14, 14),
('2025-02-07', '달리기', '10km 마라톤 훈련', 'NotYet', 'pink', 15, 16),
('2025-02-07', '팔 운동', '푸쉬업 50회', 'InProgress', 'green', 16, 15),
('2025-02-08', '전신 운동', '헬스장에서 전신 운동 1시간', 'Done', 'red', 17, 17),
('2025-02-08', '수영', '수영 1시간', 'InProgress', 'cyan', 18, 18),
('2025-02-09', '등 운동', '풀업 3세트', 'NotYet', 'yellow', 19, 19),
('2025-02-09', '오늘은 쉬기', '휴식 및 요가', 'Done', 'blue', 20, 20),
('2025-02-10', '하체 운동', '스쿼트 100회', 'InProgress', 'purple', 1, 3),
('2025-02-10', '복근 운동', '복근 운동 30분', 'Done', 'red', 2, 5),
('2025-02-11', '자전거 타기', '자전거 타기 45분', 'InProgress', 'green', 3, 1),
('2025-02-11', '전신 운동', '헬스장에서 전신 운동 1시간', 'Done', 'yellow', 4, 7),
('2025-02-12', '배드민턴', '배드민턴 1시간', 'InProgress', 'orange', 5, 2),
('2025-02-12', '웨이트 트레이닝', '웨이트 트레이닝 1시간', 'Done', 'purple', 6, 4),
('2025-02-13', '오늘은 쉬기', '하루 휴식 및 스트레칭', 'NotYet', 'pink', 7, 6),
('2025-02-13', '크로스핏', '크로스핏 30분', 'InProgress', 'brown', 8, 8),
('2025-02-14', '필라테스', '필라테스 1시간', 'Done', 'cyan', 9, 10),
('2025-02-14', '하체 운동', '런지 3세트', 'NotYet', 'red', 10, 12),
('2025-02-15', '수영', '수영 1시간', 'InProgress', 'blue', 11, 9),
('2025-02-15', '복근 운동', '복근 운동 1시간', 'Done', 'green', 12, 11),
('2025-02-16', '자전거 타기', '자전거 타기 1시간', 'InProgress', 'yellow', 13, 13),
('2025-02-16', '배드민턴', '배드민턴 1시간', 'Done', 'orange', 14, 14),
('2025-02-17', '운동 계획', '웨이트 트레이닝 1시간', 'NotYet', 'pink', 15, 16),
('2025-02-17', '오늘은 쉬기', '휴식 및 요가', 'Done', 'green', 16, 15);

SELECT * FROM studio;

INSERT INTO studio (studio_name, studio_address, studio_des, studio_price, created_at, updated_at) VALUES
('헬스바디 프로필 스튜디오', '서울시 강남구 테헤란로 123', '멋있게 잘 나오는 곳', 150000.00, '2025-01-01', '2025-01-02'),
('스타일 바디 프로필', '서울시 서초구 반포대로 456', '착한 가격', 120000.00, '2025-01-02', '2025-01-03'),
('모두의 바디 스튜디오', '서울시 강남구 압구정로 789', '좋은 서비스', 130000.00, '2025-01-03', '2025-01-05'),
('핏바디 스튜디오', '서울시 송파구 올림픽로 321', '잘 나오는 바디프로필을 찍을 수 있는 곳', 180000.00, '2025-01-04', NULL),
('바디라인 스튜디오', '서울시 중구 퇴계로 654', '훌륭한 촬영 환경과 서비스', 170000.00, '2025-01-05', '2025-01-06'),
('피트니스 프로필', '서울시 용산구 한남대로 987', '자연스러운 모습으로 촬영', 160000.00, '2025-01-06', '2025-01-07'),
('리얼 바디 스튜디오', '서울시 강서구 공항대로 159', '진정성 있는 촬영을 제공합니다', 140000.00, '2025-01-07', '2025-01-08'),
('퍼펙트 바디 프로필', '서울시 마포구 홍익로 258', '멋있게 잘 나오는 곳', 190000.00, '2025-01-08', '2025-01-09'),
('서울 바디 스튜디오', '서울시 동대문구 서울로 159', '사진 품질이 뛰어난 곳', 200000.00, '2025-01-09', NULL),
('프리미엄 바디 프로필', '서울시 강동구 천호대로 321', '최고의 품질을 자랑하는 스튜디오', 220000.00, '2025-01-10', '2025-01-11'),
('바디포즈 스튜디오', '서울시 서대문구 연희로 789', '편안한 촬영을 제공하는 곳', 135000.00, '2025-01-11', '2025-01-12'),
('스냅 바디 프로필', '서울시 금천구 시흥대로 654', '디테일한 연출로 완벽한 사진 제공', 155000.00, '2025-01-12', '2025-01-13'),
('크리스탈 바디 스튜디오', '서울시 강북구 수유로 321', '정확하고 멋있는 바디 프로필 촬영', 170000.00, '2025-01-13', NULL),
('핏핏 스튜디오', '서울시 성동구 성수동 456', '고급스러운 분위기', 160000.00, '2025-01-14', '2025-01-15'),
('완벽한 바디 스튜디오', '서울시 동작구 상도로 987', '좋은 서비스와 품질', 190000.00, '2025-01-15', '2025-01-16'),
('핏바디 프로필', '서울시 구로구 경인로 654', '프로페셔널한 촬영 환경', 180000.00, '2025-01-16', '2025-01-17'),
('피트니스 스튜디오', '서울시 강남구 역삼로 123', '다양한 촬영 배경을 제공합니다', 170000.00, '2025-01-17', NULL),
('하이 퀄리티 스튜디오', '서울시 성북구 길음로 258', '자연스러운 바디 포즈 연출', 150000.00, '2025-01-18', '2025-01-19'),
('벨벳 바디 스튜디오', '서울시 동대문구 청계천로 159', '아름다운 배경과 촬영', 140000.00, '2025-01-19', '2025-01-20'),
('뉴 바디 스튜디오', '서울시 서초구 서초대로 321', '고급스럽고 품격 있는 촬영', 210000.00, '2025-01-20', '2025-01-21'),
('인생 바디 프로필', '서울시 중랑구 중화로 456', '완벽한 사진을 위한 스튜디오', 220000.00, '2025-01-21', NULL),
('프로바디 스튜디오', '서울시 마포구 월드컵로 123', '친절한 직원과 탁월한 서비스', 160000.00, '2025-01-22', '2025-01-23'),
('엘리트 바디 프로필', '서울시 강서구 등촌로 789', '이상적인 바디라인을 완성해주는 곳', 180000.00, '2025-01-23', '2025-01-24'),
('퍼펙트핏 스튜디오', '서울시 관악구 관악로 321', '최상의 퀄리티', 200000.00, '2025-01-24', NULL),
('헬스바디 프로필 촬영', '서울시 강남구 학동로 987', '자연스러운 스타일의 촬영', 170000.00, '2025-01-25', '2025-01-26'),
('다이어트 바디 스튜디오', '서울시 송파구 백제고분로 654', '피트니스 및 다이어트 촬영', 190000.00, '2025-01-26', '2025-01-27'),
('바디 클래식 스튜디오', '서울시 동대문구 왕십리로 789', '클래식한 촬영 스타일', 160000.00, '2025-01-27', '2025-01-28'),
('스타일 바디 프로필 촬영', '서울시 강동구 구천면로 123', '스타일리시한 촬영 배경 제공', 180000.00, '2025-01-28', '2025-01-29'),
('프로페셔널 바디 프로필', '서울시 강남구 신사동 456', '정확하고 세심한 촬영 제공', 200000.00, '2025-01-29', NULL),
('완벽한 바디라인 스튜디오', '서울시 마포구 양화로 258', '완벽한 바디라인을 연출하는 곳', 190000.00, '2025-01-30', '2025-02-01'),
('피트니스 프로필 촬영', '서울시 관악구 신림로 321', '프로페셔널한 촬영 서비스', 170000.00, '2025-02-01', '2025-02-02'),
('바디핏 스튜디오', '서울시 동작구 사당로 654', '심플하고 깔끔한 촬영', 150000.00, '2025-02-02', NULL),
('퍼펙트 바디 라인', '서울시 중구 을지로 159', '세심한 촬영과 높은 품질', 210000.00, '2025-02-03', '2025-02-04'),
('프리미엄 바디라인', '서울시 강서구 마곡로 123', '고급스러운 촬영', 220000.00, '2025-02-04', '2025-02-05'),
('헬스 프로필 촬영 스튜디오', '서울시 강북구 도봉로 789', '훌륭한 촬영과 편안한 분위기', 190000.00, '2025-02-05', '2025-02-06'),
('자연스러운 바디라인', '서울시 종로구 세운로 321', '자연스러운 바디라인을 연출하는 스튜디오', 160000.00, '2025-02-06', NULL),
('핏앤바디 스튜디오', '서울시 성북구 정릉로 258', '진정성 있는 촬영과 훌륭한 서비스', 180000.00, '2025-02-07', '2025-02-08'),
('스튜디오 핏', '서울시 은평구 녹번로 159', '프로페셔널한 촬영으로 완성하는 바디 프로필', 200000.00, '2025-02-08', NULL),
('헬스마스터 바디', '서울시 서초구 사임당로 987', '고급스러운 배경과 촬영', 220000.00, '2025-02-09', '2025-02-10'),
('스타일리시 바디 촬영', '서울시 강동구 성내로 654', '스타일리시한 촬영 배경', 180000.00, '2025-02-10', '2025-02-11'),
('바디 프로필 스튜디오', '서울시 용산구 이태원로 321', '멋있게 잘 나오는 촬영을 제공합니다', 160000.00, '2025-02-11', '2025-02-12'),
('피트니스 바디라인', '서울시 종로구 창경궁로 789', '정확한 촬영과 멋진 바디라인 연출', 190000.00, '2025-02-12', NULL);

SELECT * FROM studio_review;

INSERT INTO studio_review (review_content, review_rating, review_created_at, review_updated_at, review_is_blinded, user_id, studio_id) VALUES
('스튜디오 분위기가 너무 좋았어요. 사진도 멋지게 나와서 만족했습니다.', 5, '2025-01-01', '2025-01-02', FALSE, 1, 1),
('사진이 잘 나와서 너무 만족스럽습니다! 직원도 친절하고 편안한 분위기에서 촬영했어요.', 4, '2025-01-02', NULL, FALSE, 2, 2),
('너무 비쌌지만 결과물이 마음에 들어요.', 3, '2025-01-03', '2025-01-04', FALSE, 3, 3),
('조금 아쉬운 점은 있었지만 전반적으로 만족스러웠습니다.', 4, '2025-01-04', NULL, FALSE, 4, 4),
('정말 멋진 촬영이었어요! 다시 오고 싶어요.', 5, '2025-01-05', '2025-01-06', FALSE, 5, 5),
('가격 대비 너무 좋습니다. 서비스도 훌륭하고 만족스러워요.', 5, '2025-01-06', NULL, FALSE, 6, 6),
('스튜디오는 괜찮았는데, 결과물은 조금 아쉬웠어요.', 3, '2025-01-07', '2025-01-08', FALSE, 7, 7),
('완벽한 서비스! 최고의 바디 프로필 촬영이었습니다.', 5, '2025-01-08', '2025-01-09', FALSE, 8, 8),
('스튜디오는 매우 좋은데 촬영시간이 조금 짧았던 것 같아요.', 4, '2025-01-09', NULL, FALSE, 9, 9),
('사진이 너무 잘 나왔어요. 기회가 된다면 또 이용하고 싶습니다.', 5, '2025-01-10', '2025-01-11', FALSE, 10, 10),
('시설도 좋고 촬영도 잘 했습니다. 다만 조금 비싼 가격이 아쉽습니다.', 4, '2025-01-11', NULL, FALSE, 11, 11),
('친절한 직원분들 덕분에 기분 좋게 촬영할 수 있었습니다.', 5, '2025-01-12', '2025-01-13', FALSE, 12, 12),
('스튜디오는 깨끗했지만 촬영 분위기가 조금 어색했어요.', 3, '2025-01-13', NULL, FALSE, 13, 13),
('결과물이 너무 마음에 들어요! 다음에도 다시 이용할 예정입니다.', 5, '2025-01-14', '2025-01-15', FALSE, 14, 14),
('서비스가 훌륭하고 사진 퀄리티도 매우 높습니다.', 5, '2025-01-15', '2025-01-16', FALSE, 15, 15),
('찍을 때 약간의 대기 시간이 있었지만 촬영은 매우 만족스러웠습니다.', 4, '2025-01-16', NULL, FALSE, 16, 16),
('조용하고 편안한 분위기에서 촬영할 수 있어 좋았어요.', 5, '2025-01-17', '2025-01-18', FALSE, 17, 17),
('디테일한 촬영을 원했는데 조금 아쉬운 부분이 있었습니다.', 3, '2025-01-18', NULL, FALSE, 18, 18),
('정말 멋진 사진이 나왔습니다. 스튜디오 분위기도 좋아요.', 5, '2025-01-19', '2025-01-20', FALSE, 19, 19),
('가격이 조금 비싸지만 그만큼 만족스러운 결과물이 나왔습니다.', 4, '2025-01-20', '2025-01-21', FALSE, 20, 20),
('다소 긴 시간이 걸렸지만 결과물은 만족스럽습니다.', 4, '2025-01-21', NULL, FALSE, 21, 21),
('서비스는 좋았으나 촬영이 조금 급하게 진행된 것 같아요.', 3, '2025-01-22', '2025-01-23', FALSE, 22, 22),
('스튜디오 직원들이 매우 친절했고 결과물도 만족스러웠습니다.', 5, '2025-01-23', '2025-01-24', FALSE, 23, 23),
('너무 아쉬운 촬영이었어요. 다음엔 다른 곳을 이용할 것 같습니다.', 1, '2025-01-24', '2025-01-25', FALSE, 24, 24),
('다음에 또 방문하고 싶은 스튜디오입니다.', 5, '2025-01-25', NULL, FALSE, 25, 25),
('기대 이상으로 촬영 퀄리티가 좋았습니다.', 5, '2025-01-26', '2025-01-27', FALSE, 26, 26),
('조금 불편한 점은 있었지만, 그 외에는 훌륭했어요.', 4, '2025-01-27', NULL, FALSE, 27, 27),
('가격이 조금 높은 편이지만 촬영 퀄리티가 높아 만족스럽습니다.', 4, '2025-01-28', '2025-01-29', FALSE, 28, 28),
('결과물이 너무 만족스러워서 또 촬영하고 싶습니다.', 5, '2025-01-29', '2025-01-30', FALSE, 29, 29),
('분위기가 정말 편안하고 촬영도 순조롭게 진행되었습니다.', 5, '2025-01-30', NULL, FALSE, 30, 30);

INSERT INTO studio_review (review_content, review_rating, review_created_at, review_updated_at, review_is_blinded, user_id, studio_id) VALUES
('서비스가 너무 형편없었고, 사진도 기대 이하였습니다. 두 번 다시 오지 않을 것 같아요.', 1, '2025-01-01', '2025-01-02', TRUE, 1, 2),
('스튜디오는 좁고, 직원들이 불친절했습니다. 촬영 내내 불쾌한 경험이었습니다.', 2, '2025-01-03', '2025-01-04', TRUE, 3, 4),
('가격이 비쌌지만 결과물이 기대 이하였습니다. 이 가격에 이 퀄리티라니 너무 실망스럽네요.', 2, '2025-01-05', NULL, TRUE, 5, 6),
('사진을 잘 찍어주는 줄 알았는데 너무 형편없는 퀄리티입니다. 다시는 이용하지 않겠습니다.', 1, '2025-01-06', '2025-01-07', TRUE, 7, 8),
('촬영이 매우 급하게 진행되어서 불만이 많았습니다. 다시는 오지 않겠습니다.', 2, '2025-01-08', NULL, TRUE, 9, 10),
('사진 퀄리티가 너무 안 좋았어요. 돈 아깝습니다.', 1, '2025-01-09', '2025-01-10', TRUE, 11, 12),
('장소가 좁고, 서비스가 매우 불만족스러웠습니다. 다시는 방문하지 않을 거예요.', 2, '2025-01-11', NULL, TRUE, 13, 14),
('사진을 촬영하는 동안 너무 불편했습니다. 다시 오고 싶지 않아요.', 2, '2025-01-12', '2025-01-13', TRUE, 15, 16),
('다소 불친절한 직원들로 인해 촬영이 불편했어요. 결과물이 좋지 않아서 더욱 실망입니다.', 2, '2025-01-14', '2025-01-15', TRUE, 17, 18),
('가격이 너무 비쌌습니다. 그만큼의 퀄리티는 아니었어요.', 2, '2025-01-16', NULL, TRUE, 19, 20),
('서비스가 너무 느렸고, 결과물도 그저 그랬습니다. 다시는 오지 않겠습니다.', 2, '2025-01-17', '2025-01-18', TRUE, 21, 22),
('시간을 너무 많이 낭비한 것 같아요. 정말 실망스러운 경험이었습니다.', 1, '2025-01-18', NULL, TRUE, 23, 24),
('불편하고 비싼 촬영이었어요. 가격을 내고도 전혀 만족하지 못했습니다.', 2, '2025-01-19', '2025-01-20', TRUE, 25, 26),
('조금 아쉬운 점이 많았고, 서비스가 별로였어요. 결과물도 기대 이하였습니다.', 2, '2025-01-20', '2025-01-21', TRUE, 27, 28),
('별로 추천하고 싶지 않은 스튜디오입니다. 사진도 그닥이었고, 분위기도 불편했어요.', 1, '2025-01-21', '2025-01-22', TRUE, 29, 30),
('가격에 비해 너무 만족스럽지 않았습니다. 재방문 의사는 없습니다.', 2, '2025-01-22', '2025-01-23', TRUE, 31, 32),
('서비스가 불친절하고 촬영 분위기도 별로였어요. 다시는 오지 않을 겁니다.', 1, '2025-01-23', '2025-01-24', TRUE, 33, 34),
('스튜디오 분위기나 서비스 모두 실망스러웠습니다. 결과물도 별로였어요.', 2, '2025-01-24', NULL, TRUE, 35, 36),
('다시 오지 않겠습니다. 기대했던 것보다 결과물이 너무 실망스러웠어요.', 1, '2025-01-25', '2025-01-26', TRUE, 37, 38),
('이 가격에 이 퀄리티는 너무 실망스러워요. 돈 아까운 경험이었습니다.', 2, '2025-01-26', NULL, TRUE, 39, 40),
('사진 퀄리티가 너무 낮고, 서비스도 별로였습니다. 정말 불만족스럽습니다.', 1, '2025-01-27', '2025-01-28', TRUE, 41, 42);

SELECT * FROM studio_booking;

INSERT INTO studio_booking (booking_date, start_time, end_time, user_id, studio_id) VALUES
('2025-01-01', '2025-01-01 09:00:00', '2025-01-01 11:00:00', 1, 2),
('2025-01-02', '2025-01-02 10:00:00', '2025-01-02 12:00:00', 3, 4),
('2025-01-03', '2025-01-03 14:00:00', '2025-01-03 16:00:00', 5, 6),
('2025-01-04', '2025-01-04 08:30:00', '2025-01-04 10:30:00', 7, 8),
('2025-01-05', '2025-01-05 11:00:00', '2025-01-05 13:00:00', 9, 10),
('2025-01-06', '2025-01-06 15:00:00', '2025-01-06 17:00:00', 11, 12),
('2025-01-07', '2025-01-07 09:00:00', '2025-01-07 11:00:00', 13, 14),
('2025-01-08', '2025-01-08 12:30:00', '2025-01-08 14:30:00', 15, 16),
('2025-01-09', '2025-01-09 13:00:00', '2025-01-09 15:00:00', 17, 18),
('2025-01-10', '2025-01-10 10:00:00', '2025-01-10 12:00:00', 19, 20),
('2025-01-11', '2025-01-11 09:30:00', '2025-01-11 11:30:00', 21, 22),
('2025-01-12', '2025-01-12 14:00:00', '2025-01-12 16:00:00', 23, 24),
('2025-01-13', '2025-01-13 16:30:00', '2025-01-13 18:30:00', 25, 26),
('2025-01-14', '2025-01-14 10:30:00', '2025-01-14 12:30:00', 27, 28),
('2025-01-15', '2025-01-15 13:00:00', '2025-01-15 15:00:00', 29, 30),
('2025-01-16', '2025-01-16 11:00:00', '2025-01-16 13:00:00', 31, 32),
('2025-01-17', '2025-01-17 09:00:00', '2025-01-17 11:00:00', 33, 34),
('2025-01-18', '2025-01-18 14:00:00', '2025-01-18 16:00:00', 35, 36),
('2025-01-19', '2025-01-19 16:30:00', '2025-01-19 18:30:00', 37, 38),
('2025-01-20', '2025-01-20 10:30:00', '2025-01-20 12:30:00', 39, 40),
('2025-01-21', '2025-01-21 08:30:00', '2025-01-21 10:30:00', 41, 42),
('2025-02-06', '2025-02-06 13:00:00', '2025-02-06 15:00:00', 1, 2),
('2025-02-07', '2025-02-07 09:30:00', '2025-02-07 11:30:00', 3, 4),
('2025-02-08', '2025-02-08 14:00:00', '2025-02-08 16:00:00', 5, 6),
('2025-02-09', '2025-02-09 12:30:00', '2025-02-09 14:30:00', 7, 8),
('2025-02-10', '2025-02-10 10:00:00', '2025-02-10 12:00:00', 9, 10),
('2025-02-11', '2025-02-11 08:30:00', '2025-02-11 10:30:00', 11, 12),
('2025-02-12', '2025-02-12 15:00:00', '2025-02-12 17:00:00', 13, 14),
('2025-02-13', '2025-02-13 16:30:00', '2025-02-13 18:30:00', 15, 16),
('2025-02-14', '2025-02-14 09:00:00', '2025-02-14 11:00:00', 17, 18),
('2025-02-15', '2025-02-15 13:00:00', '2025-02-15 15:00:00', 19, 20),
('2025-02-16', '2025-02-16 14:00:00', '2025-02-16 16:00:00', 21, 22),
('2025-02-17', '2025-02-17 10:30:00', '2025-02-17 12:30:00', 23, 24);

INSERT INTO studio_booking (booking_date, start_time, end_time, user_id, studio_id) VALUES
('2025-01-01', '2025-01-02 09:00:00', '2025-01-02 11:00:00', 1, 2),
('2025-01-02', '2025-01-03 10:00:00', '2025-01-03 12:00:00', 3, 4),
('2025-01-03', '2025-01-04 14:00:00', '2025-01-04 16:00:00', 5, 6),
('2025-01-04', '2025-01-05 08:30:00', '2025-01-05 10:30:00', 7, 8),
('2025-01-05', '2025-01-06 11:00:00', '2025-01-06 13:00:00', 9, 10),
('2025-01-06', '2025-01-07 15:00:00', '2025-01-07 17:00:00', 11, 12),
('2025-01-07', '2025-01-08 09:00:00', '2025-01-08 11:00:00', 13, 14),
('2025-01-08', '2025-01-09 12:30:00', '2025-01-09 14:30:00', 15, 16),
('2025-01-09', '2025-01-10 13:00:00', '2025-01-10 15:00:00', 17, 18),
('2025-01-10', '2025-01-11 10:00:00', '2025-01-11 12:00:00', 19, 20),
('2025-01-11', '2025-01-12 09:30:00', '2025-01-12 11:30:00', 21, 22),
('2025-01-12', '2025-01-13 14:00:00', '2025-01-13 16:00:00', 23, 24),
('2025-01-13', '2025-01-14 16:30:00', '2025-01-14 18:30:00', 25, 26),
('2025-01-14', '2025-01-15 10:30:00', '2025-01-15 12:30:00', 27, 28),
('2025-01-15', '2025-01-16 13:00:00', '2025-01-16 15:00:00', 29, 30),
('2025-01-16', '2025-01-17 11:00:00', '2025-01-17 13:00:00', 31, 32),
('2025-01-17', '2025-01-18 09:00:00', '2025-01-18 11:00:00', 33, 34),
('2025-01-18', '2025-01-19 14:00:00', '2025-01-19 16:00:00', 35, 36),
('2025-01-19', '2025-01-20 16:30:00', '2025-01-20 18:30:00', 37, 38),
('2025-01-20', '2025-01-21 10:30:00', '2025-01-21 12:30:00', 39, 40),
('2025-01-21', '2025-01-22 08:30:00', '2025-01-22 10:30:00', 41, 42),
('2025-02-06', '2025-02-07 13:00:00', '2025-02-07 15:00:00', 1, 2),
('2025-02-07', '2025-02-08 09:30:00', '2025-02-08 11:30:00', 3, 4),
('2025-02-08', '2025-02-09 14:00:00', '2025-02-09 16:00:00', 5, 6),
('2025-02-09', '2025-02-10 12:30:00', '2025-02-10 14:30:00', 7, 8);

INSERT INTO studio_booking (booking_date, start_time, end_time, user_id, studio_id) VALUES
('2025-01-01', '2025-01-03 09:00:00', '2025-01-03 11:00:00', 1, 2),
('2025-01-02', '2025-01-05 10:00:00', '2025-01-05 12:00:00', 3, 4),
('2025-01-03', '2025-01-06 14:00:00', '2025-01-06 16:00:00', 5, 6),
('2025-01-04', '2025-01-07 08:30:00', '2025-01-07 10:30:00', 7, 8),
('2025-01-05', '2025-01-08 11:00:00', '2025-01-08 13:00:00', 9, 10),
('2025-01-06', '2025-01-09 15:00:00', '2025-01-09 17:00:00', 11, 12),
('2025-01-07', '2025-01-10 09:00:00', '2025-01-10 11:00:00', 13, 14),
('2025-01-08', '2025-01-11 12:30:00', '2025-01-11 14:30:00', 15, 16),
('2025-01-09', '2025-01-12 13:00:00', '2025-01-12 15:00:00', 17, 18),
('2025-01-10', '2025-01-13 10:00:00', '2025-01-13 12:00:00', 19, 20),
('2025-01-11', '2025-01-14 09:30:00', '2025-01-14 11:30:00', 21, 22),
('2025-01-12', '2025-01-15 14:00:00', '2025-01-15 16:00:00', 23, 24),
('2025-01-13', '2025-01-16 16:30:00', '2025-01-16 18:30:00', 25, 26),
('2025-01-14', '2025-01-17 10:30:00', '2025-01-17 12:30:00', 27, 28),
('2025-01-15', '2025-01-18 13:00:00', '2025-01-18 15:00:00', 29, 30),
('2025-01-16', '2025-01-19 11:00:00', '2025-01-19 13:00:00', 31, 32),
('2025-01-17', '2025-01-20 09:00:00', '2025-01-20 11:00:00', 33, 34),
('2025-01-18', '2025-01-21 14:00:00', '2025-01-21 16:00:00', 35, 36),
('2025-01-19', '2025-01-22 16:30:00', '2025-01-22 18:30:00', 37, 38),
('2025-01-20', '2025-01-23 10:30:00', '2025-01-23 12:30:00', 39, 40),
('2025-01-21', '2025-01-24 08:30:00', '2025-01-24 10:30:00', 41, 42);

SELECT * FROM blacklist_level;

INSERT INTO blacklist_level (auth, periods) VALUES
('댓글 7일 제한', '0000-00-07'),  -- 레벨 1: 경고 3번, 댓글에 7일 제한
('게시글/댓글 7일 제한', '0000-00-07'),  -- 레벨 2: 경고 4번, 게시글/댓글에 7일 제한
('탈퇴', '0000-00-00');  -- 레벨 3: 경고 5번, 탈퇴 처리 (특정 날짜는 없으므로 0000-00-00으로 처리)

SELECT * FROM blacklist;

INSERT INTO blacklist (user_id, start_date, end_date, report_num, level) VALUES
(12, '2025-01-10', '2025-01-17', 3, 1),
(25, '2025-01-05', '2025-01-12', 4, 1),
(32, '2025-01-07', '2025-01-14', 5, 1),
(8, '2025-01-11', '2025-01-18', 2, 1),
(18, '2025-01-12', '2025-01-19', 6, 1),
(36, '2025-01-02', '2025-01-09', 3, 1),
(42, '2025-01-03', '2025-01-10', 4, 1),
(17, '2025-01-06', '2025-01-13', 1, 1),
(21, '2025-01-04', '2025-01-11', 2, 1),
(29, '2025-01-08', '2025-01-15', 5, 1),
(4, '2025-01-01', '2025-01-08', 7, 1),
(33, '2025-01-09', '2025-01-16', 2, 1),
(43, '2025-01-12', '2025-01-19', 6, 2),
(3, '2025-01-04', '2025-01-11', 3, 2),
(40, '2025-01-07', '2025-01-14', 4, 2),
(26, '2025-01-02', '2025-01-09', 1, 2),
(13, '2025-01-06', '2025-01-13', 5, 2),
(9, '2025-01-10', '2025-01-17', 2, 2),
(14, '2025-01-11', '2025-01-18', 7, 2),
(15, '2025-01-13', '2025-01-20', 4, 2),
(11, '2025-01-01', '2025-01-08', 3, 2),
(24, '2025-01-03', '2025-01-10', 6, 2),
(38, '2025-01-05', '2025-01-12', 1, 2),
(30, '2025-01-09', '2025-01-16', 5, 2),
(41, '2025-01-06', '2025-01-13', 2, 2),
(35, '2025-01-10', '2025-01-17', 4, 3),
(19, '2025-01-11', '2025-01-18', 3, 3),
(22, '2025-01-04', '2025-01-11', 6, 3),
(34, '2025-01-08', '2025-01-15', 2, 3),
(10, '2025-01-12', '2025-01-19', 5, 3),
(16, '2025-01-07', '2025-01-14', 7, 3);

SELECT * FROM winfo;

INSERT INTO wInfo (winfo_name, winfo_rule, winfo_intensity) VALUES
('렛 풀다운', '어깨너비로 바를 잡고 팔꿈치를 내리고 팔꿈치가 몸에 가깝게 유지되도록 하여 수축시킨다.', 6),
('벤치 프레스', '가슴을 펴고 팔꿈치를 90도로 구부리며 바벨을 내렸다가 다시 밀어 올린다.', 8),
('런닝', '자유롭게 달리며 페이스를 조절한다. 처음에는 천천히 시작해서 점차 속도를 올린다.', 5),
('배드민턴', '라켓을 잡고 빠른 발놀림과 스윙으로 상대방의 코트에 셔틀콕을 떨어뜨린다.', 7),
('스쿼트', '발을 어깨너비로 벌리고 무릎이 발끝을 넘지 않도록 하며 엉덩이를 낮추어 몸을 일으킨다.', 9),
('푸시업', '어깨너비로 팔을 벌리고 상체를 낮췄다가 팔꿈치를 펴며 몸을 올린다.', 4),
('덤벨 컬', '덤벨을 잡고 팔꿈치를 고정한 후 덤벨을 들어 올려 이두근을 수축시킨다.', 6),
('플랭크', '팔꿈치와 발끝을 지지대로 하여 몸을 일자로 유지하며 버틴다.', 4),
('사이클', '자전거를 타며 페달을 일정한 속도로 밟아 체력을 향상시킨다.', 5),
('풀업', '철봉에 손을 잡고 팔꿈치를 굽혀 몸을 끌어올리며 상체를 조절한다.', 9);

INSERT INTO wInfo (winfo_name, winfo_rule, winfo_intensity) VALUES
('바벨 로우', '바벨을 양손으로 잡고 허리를 굽히고 팔꿈치를 뒤로 당기면서 날개를 수축시킨다.', 7),
('러닝 머신', '러닝 머신 위에서 일정한 속도로 달리며 체력과 지구력을 기른다.', 6),
('자전거 타기', '자전거를 타고 페달을 밟으며 교차된 방향으로 다리를 움직인다.', 5),
('크런치', '무릎을 구부리고 배를 수축시키며 상체를 올린다.', 3),
('죽구', '발을 어깨 너비로 벌리고 공을 발로 차서 상대편 골대에 넣는다.', 8),
('암벽등반', '암벽을 타고 올라가며 팔과 다리의 근력을 모두 사용한다.', 10),
('케틀벨 스윙', '케틀벨을 두 손으로 잡고 다리를 벌린 상태에서 무릎을 구부리며 케틀벨을 스윙한다.', 7),
('버피 테스트', '푸시업, 점프 등을 결합한 전신 운동으로 빠르게 반복한다.', 9),
('덤벨 숄더 프레스', '덤벨을 어깨높이에 두고 팔꿈치를 펴며 덤벨을 머리 위로 밀어 올린다.', 7),
('컬링', '덤벨을 한 손씩 잡고 팔꿈치를 구부린 후 덤벨을 몸쪽으로 당긴다.', 6),
('힙 쓰러스트', '어깨를 벤치에 놓고 무릎을 구부린 후 엉덩이를 들어 올려 엉덩이 근육을 활성화시킨다.', 8),
('팔꿈치 스쿼트', '무릎을 90도로 구부린 상태에서 팔꿈치와 발끝을 일직선으로 유지하며 앉았다 일어난다.', 6),
('웨이트 트레이닝', '다양한 웨이트 기구를 사용하여 상체와 하체를 강화하는 운동이다.', 7),
('버터플라이 머신', '두 팔을 벌리며 등과 가슴을 이용해 가슴 근육을 자극한다.', 6),
('케이블 로우', '케이블 기구를 사용하여 팔꿈치를 몸에 가까운 상태로 당긴다.', 7),
('팔꿈치 푸시업', '두 팔꿈치를 접고 팔꿈치 위치를 조절하며 상체를 내리고 올린다.', 4),
('트레드밀 워킹', '트레드밀 위에서 걷기 운동을 하며 체력과 다리 근력을 키운다.', 3),
('수영', '자유형, 배영, 접영 등 다양한 수영 스타일로 전신을 이용한 운동을 한다.', 8),
('레그 프레스', '다리로 무게를 밀어내면서 하체 근육을 강화하는 운동이다.', 7),
('에어로빅', '댄스를 포함한 유산소 운동으로 체력을 기르고 몸을 움직인다.', 6),
('시티즈닝', '짧은 시간에 전신을 활용하는 고강도 운동을 반복한다.', 8),
('하이 인텐시티 인터벌 트레이닝(HIIT)', '짧은 시간 동안 강도 높은 운동을 반복하며 체지방을 줄인다.', 9),
('체중 운동', '몸의 무게를 이용해 풀업, 푸시업, 스쿼트 등 기본적인 운동을 한다.', 5),
('자전거 스피닝', '고정식 자전거에서 빠르게 페달을 밟으며 강도를 조절한다.', 7),
('유산소 운동', '심박수를 높이며 지방 연소와 체력 향상에 초점을 맞춘 운동이다.', 6),
('하체 강화 운동', '레그 프레스, 스쿼트 등 하체 근육을 집중적으로 강화하는 운동이다.', 8),
('상체 강화 운동', '푸시업, 벤치프레스 등 상체 근육을 집중적으로 강화하는 운동이다.', 7),
('인라인 스케이트', '인라인 스케이트를 타고 스피드를 높이며 하체 근육을 단련한다.', 6),
('야구', '배트로 공을 치고 뛰면서 전신을 활용하는 운동이다.', 5),
('테니스', '테니스 라켓을 사용하여 상대와 공을 주고받으며 전신을 사용한다.', 6),
('줄넘기', '줄을 넘으면서 전신을 사용해 유산소 운동 효과를 높인다.', 4),
('자세 교정 운동', '올바른 자세를 유지하고 교정하는 운동으로 유연성과 체형을 개선한다.', 5);

INSERT INTO wInfo (winfo_name, winfo_rule, winfo_intensity) VALUES
('플랭크', '팔꿈치와 발끝을 지지대로 하여 몸을 일직선으로 유지하며 버틴다.', 4),
('트라이셉스 딥', '벤치에 손을 올리고 팔꿈치를 굽혀 상체를 내린 후 다시 팔꿈치를 펴며 일어선다.', 6),
('버터플라이', '두 손으로 덤벨을 잡고 팔꿈치를 굽힌 상태에서 팔을 벌린 후 다시 모은다.', 6),
('다운독', '손과 발을 바닥에 두고 엉덩이를 높여 몸을 삼각형 모양으로 만든다.', 4),
('스쿼트 점프', '스쿼트를 한 후 상체를 밀어 올리며 점프를 한다.', 8),
('에어 바이크', '상체와 하체를 동시에 움직여 체력과 유산소 능력을 향상시킨다.', 7),
('하이킥', '다리를 빠르게 차며 하체 근육과 유연성을 증가시킨다.', 5),
('레그 익스텐션', '앉아서 다리를 펴고 무릎을 구부렸다 펴며 하체 근육을 강화한다.', 6),
('드래곤 플래그', '상체를 벤치에 놓고 다리를 들어 올리며 몸을 일자로 만든 후 내린다.', 10),
('힙 힌지', '엉덩이를 뒤로 밀며 다리 근육을 자극하고 다시 일어선다.', 7),
('벽걸이 푸시업', '벽에 손을 대고 벽을 밀어내며 팔꿈치를 펴는 푸시업을 한다.', 3),
('캣카우', '몸을 둥글게 만들고 고양이처럼 상체와 하체를 동시에 움켜잡으며 자세를 변형시킨다.', 4),
('바디웨이트 스쿼트', '몸의 무게만 이용해 스쿼트를 반복하여 하체를 강화한다.', 5),
('덤벨 스내치', '덤벨을 한 손에 들고 바닥에서 위로 올려 손끝까지 이어주는 운동이다.', 8),
('핸드 스탠드 푸시업', '손목을 바닥에 두고 몸을 위로 밀어내는 푸시업을 한다.', 9),
('케틀벨 스내치', '케틀벨을 손에 들고 한 번에 몸을 일으켜 상체와 하체를 모두 강화한다.', 8),
('스텝업', '벤치나 박스를 이용하여 다리를 올리며 하체를 강화한다.', 6),
('푸시업 변형', '다양한 손 위치로 푸시업을 하여 상체 근육을 더욱 자극한다.', 5),
('플라이 머신', '팔꿈치를 고정한 후 덤벨을 들어 올려 가슴 근육을 자극하는 운동이다.', 7),
('다리 찢기', '다리를 넓게 벌리고 서서 유연성을 키우는 운동이다.', 4);

SELECT * FROM wPlace;

INSERT INTO wPlace (wplace_name, wplace_address, wplace_des, wcreate_at, wupdate_at, user_id) VALUES
('파워헬스장', '서울특별시 강남구 역삼동 123-45', '넓은 운동 공간과 최신 운동 기구를 갖춘 헬스장', '2025-01-17', NULL, 1),
('하늘 공원', '서울특별시 송파구 가락동 78-12', '자전거 타기 좋은 공원과 조깅 코스가 마련된 곳', '2025-01-18', '2025-01-20', 2),
('최고필라테스', '서울특별시 서초구 방배동 56-8', '차분한 분위기에서 필라테스를 즐길 수 있는 곳', '2025-01-19', NULL, 3),
('조용한 헬스장', '서울특별시 관악구 신림동 98-23', '편안한 분위기에서 운동에 집중할 수 있는 헬스장', '2025-01-20', '2025-01-22', 4),
('스포츠타운', '서울특별시 마포구 합정동 42-6', '다양한 운동 시설과 프로그램이 제공되는 종합 스포츠 센터', '2025-01-21', NULL, 5),
('필라테스&요가 센터', '서울특별시 용산구 이촌동 75-30', '요가와 필라테스 전문, 친절한 강사진', '2025-01-22', '2025-01-23', 6),
('스피드헬스', '서울특별시 성동구 성수동 103-7', '전문 트레이너와 함께하는 스피디한 운동 프로그램', '2025-01-23', NULL, 7),
('힐링 체육관', '서울특별시 구로구 구로동 36-18', '운동 후 힐링과 휴식을 함께 즐길 수 있는 곳', '2025-01-24', '2025-01-25', 8),
('파워 필라테스', '서울특별시 강동구 천호동 123-99', '체력 증진을 위한 파워 필라테스', '2025-01-25', NULL, 9),
('플렉스 스튜디오', '서울특별시 동대문구 회기동 28-17', '고급스러운 인테리어와 프라이빗한 운동 공간', '2025-01-26', '2025-01-27', 10),
('다이나믹 체육관', '서울특별시 종로구 종로3가 101-45', '다이나믹한 운동과 다양한 프로그램', '2025-01-27', NULL, 11),
('헬로짐', '서울특별시 노원구 공릉동 54-22', '친절하고 밝은 분위기의 헬스장', '2025-01-28', '2025-01-29', 12),
('비타민 피트니스', '서울특별시 양천구 목동 121-56', '피트니스와 웰빙을 위한 다양한 운동 프로그램', '2025-01-29', NULL, 13),
('강철 체육관', '서울특별시 금천구 독산동 28-19', '강철같은 체력을 만들기 위한 헬스장', '2025-01-30', NULL, 14),
('해피 요가 센터', '서울특별시 강북구 미아동 67-12', '여유롭고 평화로운 분위기에서 요가', '2025-01-31', '2025-02-01', 15),
('핏박스', '서울특별시 송파구 문정동 112-34', '빠르고 강력한 피트니스 프로그램', '2025-02-01', NULL, 16),
('온더필드', '서울특별시 서대문구 연희동 109-20', '자연 친화적인 환경에서 운동하는 곳', '2025-02-02', '2025-02-03', 17),
('프리덤짐', '서울특별시 광진구 자양동 60-8', '개인 트레이닝과 소규모 그룹 운동', '2025-02-03', NULL, 18),
('하이파이브 요가', '서울특별시 중구 을지로 100-10', '다양한 요가 프로그램을 제공하는 센터', '2025-02-04', '2025-02-05', 19),
('스타 피트니스', '서울특별시 성북구 돈암동 75-28', '스타 트레이너와 함께하는 피트니스', '2025-02-05', NULL, 20),
('킹스헬스', '서울특별시 동작구 신대방동 18-5', '최고의 시설과 트레이너들이 함께하는 헬스장', '2025-02-06', '2025-02-07', 1),
('트라이 애슬론 센터', '서울특별시 양천구 신정동 42-8', '트라이애슬론 훈련을 위한 전문 센터', '2025-02-07', NULL, 2),
('블루핏', '서울특별시 동대문구 휘경동 93-28', '넓고 시원한 운동 공간, 최신 운동 기구 보유', '2025-02-08', '2025-02-09', 3),
('헬스 메카', '서울특별시 용산구 한남동 115-15', '최고의 운동 환경과 트레이닝 프로그램', '2025-02-09', NULL, 4);

INSERT INTO wPlace (wplace_name, wplace_address, wplace_des, wcreate_at, wupdate_at, user_id) VALUES
('헬로핏', '서울특별시 강서구 화곡동 73-5', '다양한 운동 프로그램과 쾌적한 공간', '2025-02-10', NULL, 5),
('에이스 피트니스', '서울특별시 금천구 가산동 123-17', '최신 기구와 전문 트레이너가 있는 헬스장', '2025-02-10', '2025-02-12', 6),
('더 그린 파크', '서울특별시 광진구 구의동 76-18', '공원 내 운동 기구와 자연 속 운동', '2025-02-11', NULL, 7),
('최강헬스', '서울특별시 서초구 양재동 11-3', '힘찬 운동과 강한 트레이닝을 제공하는 곳', '2025-02-11', '2025-02-13', 8),
('해피플렉스', '서울특별시 동작구 상도동 45-22', '편안한 운동 환경과 친절한 트레이너', '2025-02-12', NULL, 9),
('피지컬스타', '서울특별시 강남구 삼성동 5-21', '최고의 운동 기구와 전문 트레이닝 프로그램', '2025-02-12', '2025-02-14', 10),
('조이짐', '서울특별시 송파구 잠실동 24-13', '활기찬 분위기에서 운동을 즐길 수 있는 공간', '2025-02-13', NULL, 11),
('리틀헬스', '서울특별시 중구 명동 45-12', '작고 아늑한 헬스장, 친절한 트레이너', '2025-02-13', '2025-02-14', 12),
('피트니스팝', '서울특별시 관악구 봉천동 35-8', '다양한 운동과 프로그램, 건강한 라이프스타일', '2025-02-14', NULL, 13),
('베스트짐', '서울특별시 성동구 왕십리 123-1', '최고의 운동 환경과 최신 기구들', '2025-02-14', '2025-02-15', 14),
('울트라짐', '서울특별시 노원구 상계동 72-3', '전문 트레이너와 함께하는 맞춤형 운동', '2025-02-15', NULL, 15),
('블랙피트니스', '서울특별시 강북구 미아동 65-8', '어두운 조명과 집중할 수 있는 분위기', '2025-02-15', '2025-02-17', 16),
('스마트 헬스', '서울특별시 용산구 후암동 11-2', '최첨단 운동 기구와 피트니스 프로그램', '2025-02-16', NULL, 17),
('쎄라핏', '서울특별시 서대문구 홍제동 58-14', '철저한 피트니스와 다이어트 프로그램', '2025-02-16', '2025-02-18', 18),
('밸런스짐', '서울특별시 동대문구 회기동 23-9', '균형 잡힌 운동과 건강을 위한 공간', '2025-02-17', NULL, 19),
('에너지짐', '서울특별시 마포구 망원동 21-17', '체력 증진과 에너지 넘치는 운동 공간', '2025-02-17', '2025-02-18', 20),
('아워짐', '서울특별시 구로구 고척동 112-10', '편안한 분위기에서 운동을 즐길 수 있는 곳', '2025-02-18', NULL, 1),
('피트니스밸리', '서울특별시 성북구 길음동 50-5', '다양한 운동 기구와 함께하는 트레이닝', '2025-02-18', '2025-02-20', 2),
('헬스웨이', '서울특별시 강남구 대치동 29-7', '트레이너와 함께하는 체계적인 운동', '2025-02-19', NULL, 3),
('엑스핏', '서울특별시 송파구 석촌동 74-12', '모든 운동을 한곳에서 즐길 수 있는 피트니스 센터', '2025-02-19', '2025-02-21', 4),
('헬스파크', '서울특별시 양천구 신정동 28-4', '체력 증진과 재활 운동을 위한 전문 공간', '2025-02-20', NULL, 5),
('더헬스', '서울특별시 종로구 종로1가 10-8', '최고의 헬스 트레이너와 함께하는 운동', '2025-02-20', '2025-02-21', 6),
('피트니스 플래그', '서울특별시 광진구 광장동 91-12', '운동 후 커피 한 잔, 편안한 운동 환경', '2025-02-21', NULL, 7),
('굿핏', '서울특별시 서초구 서초동 59-10', '모든 운동 프로그램이 준비된 헬스장', '2025-02-21', '2025-02-23', 8),
('이너피트', '서울특별시 동작구 대방동 45-10', '전문 트레이너와 함께하는 인너피트 프로그램', '2025-02-22', NULL, 9),
('피트니스토크', '서울특별시 마포구 성산동 115-8', '건강한 몸을 위한 피트니스 센터', '2025-02-22', '2025-02-23', 10),
('하이핏', '서울특별시 성동구 성수동 119-3', '최고의 운동 기구와 함께하는 피트니스', '2025-02-23', NULL, 11),
('더피트니스', '서울특별시 서대문구 북가좌동 7-4', '체력 훈련과 전문가의 트레이닝', '2025-02-23', '2025-02-24', 12),
('운동의신', '서울특별시 구로구 구로동 31-5', '강력한 운동 프로그램과 다양한 트레이닝', '2025-02-24', NULL, 13),
('체인지핏', '서울특별시 금천구 독산동 23-8', '체형 개선을 위한 맞춤형 운동', '2025-02-24', '2025-02-25', 14),
('조이핏', '서울특별시 강북구 삼각지 33-2', '재미있고 즐겁게 운동을 할 수 있는 공간', '2025-02-25', NULL, 15),
('피트니스 익스프레스', '서울특별시 노원구 상계동 67-4', '빠르고 효과적인 운동을 제공하는 피트니스', '2025-02-25', '2025-02-26', 16),
('코어짐', '서울특별시 종로구 삼청동 48-7', '코어 운동에 특화된 공간', '2025-02-26', NULL, 17);

INSERT INTO wPlace (wplace_name, wplace_address, wplace_des, wcreate_at, wupdate_at, user_id) VALUES
('헬스프렌즈', '서울특별시 강동구 천호동 88-10', '친구처럼 다가오는 헬스 트레이너들과 함께하는 운동', '2025-02-26', NULL, 18),
('피트니스센터 해피플러스', '서울특별시 구로구 고척동 24-9', '스트레스 없는 운동 공간, 즐겁게 운동하기 좋은 곳', '2025-02-27', NULL, 19),
('테라피 운동관', '서울특별시 관악구 신림동 123-19', '운동 후 휴식과 재활을 함께할 수 있는 곳', '2025-02-27', '2025-02-28', 20),
('클럽핏', '서울특별시 동대문구 장안동 65-9', '고급 피트니스 클럽, 최신 운동 기구와 편안한 환경', '2025-02-28', NULL, 1),
('운동센터 스카이', '서울특별시 성동구 행당동 33-12', '하늘을 나는 듯한 기분으로 운동할 수 있는 곳', '2025-02-28', '2025-03-01', 2),
('퍼펙트헬스', '서울특별시 마포구 합정동 101-5', '이상적인 몸매를 위한 퍼펙트한 피트니스', '2025-03-01', NULL, 3),
('에버그린헬스', '서울특별시 성북구 정릉동 43-16', '아름다운 자연 속에서 운동을 즐길 수 있는 공간', '2025-03-01', '2025-03-03', 4),
('더핏', '서울특별시 강남구 논현동 48-22', '가벼운 운동부터 고강도 운동까지 맞춤형 운동 제공', '2025-03-02', NULL, 5),
('헬스존', '서울특별시 서대문구 충정로 23-17', '체력 강화를 위한 다양한 운동 프로그램', '2025-03-02', '2025-03-04', 6),
('모던피트니스', '서울특별시 용산구 한남동 17-9', '현대적이고 깔끔한 운동 공간', '2025-03-03', NULL, 7),
('피트니스올', '서울특별시 광진구 자양동 67-14', '운동을 즐기면서 건강을 지킬 수 있는 장소', '2025-03-03', '2025-03-04', 8),
('조이헬스', '서울특별시 강북구 미아동 59-12', '헬스와 즐거운 분위기를 동시에', '2025-03-04', NULL, 9),
('헬스맥스', '서울특별시 노원구 하계동 84-7', '최고의 운동 기구와 강력한 프로그램', '2025-03-04', '2025-03-05', 10),
('해피 운동센터', '서울특별시 종로구 삼청동 61-13', '운동을 통해 행복을 찾을 수 있는 곳', '2025-03-05', NULL, 11),
('클래식짐', '서울특별시 중구 을지로 35-9', '고전적인 분위기에서 운동을 즐기는 공간', '2025-03-05', '2025-03-06', 12),
('마이핏', '서울특별시 송파구 방이동 65-16', '개인 맞춤형 운동으로 효과적인 피트니스', '2025-03-06', NULL, 13),
('리바운드짐', '서울특별시 성북구 종암동 123-30', '복싱과 재활 훈련 프로그램을 제공하는 공간', '2025-03-06', '2025-03-07', 14),
('핏앤굿', '서울특별시 동작구 사당동 74-6', '다양한 운동을 즐길 수 있는 편안한 헬스장', '2025-03-07', NULL, 15),
('어드벤스 피트니스', '서울특별시 강동구 성내동 32-6', '고급 운동 프로그램과 첨단 장비', '2025-03-07', '2025-03-09', 16),
('그린헬스', '서울특별시 강남구 청담동 50-4', '자연친화적인 분위기에서 운동할 수 있는 곳', '2025-03-08', NULL, 17),
('인피니티 피트니스', '서울특별시 마포구 성산동 121-6', '끝없이 발전하는 운동 프로그램', '2025-03-08', '2025-03-10', 18),
('헬시 피트니스', '서울특별시 서초구 반포동 31-14', '건강한 운동과 트레이닝으로 몸을 만드는 공간', '2025-03-09', NULL, 19),
('디지털 헬스', '서울특별시 양천구 신정동 12-22', '디지털 기술과 운동이 결합된 새로운 형태의 헬스장', '2025-03-09', '2025-03-11', 20),
('헬스팜', '서울특별시 강북구 수유동 43-15', '최상의 운동 환경과 신선한 에너지 제공', '2025-03-10', NULL, 21),
('이너핏', '서울특별시 서대문구 연희동 56-7', '내면의 건강과 외적인 변화를 동시에', '2025-03-10', '2025-03-12', 22),
('테크 피트니스', '서울특별시 종로구 청운효자동 22-6', '첨단 운동 기구와 효율적인 프로그램', '2025-03-11', NULL, 23);

SELECT * FROM wrecord;

INSERT INTO wRecord (wrecord_date, wrecord_min, wrecord_cal, average_pace, wrecord_at, wrecord_intensity, user_id, workout_id, wplace_id) VALUES
('2025-01-10', '00:30:00', 300, '00:05:00', '18:00:00', 7, 1, 5, 2),
('2025-01-11', '00:45:00', 400, '00:04:30', '09:30:00', 8, 3, 2, 5),
('2025-01-12', '00:20:00', 180, '00:06:00', '07:00:00', 5, 4, 3, 7),
('2025-01-13', '00:40:00', 350, '00:05:30', '17:30:00', 6, 2, 8, 1),
('2025-01-14', '00:35:00', 320, '00:05:10', '16:45:00', 7, 6, 6, 3),
('2025-01-15', '00:25:00', 220, '00:06:15', '11:00:00', 4, 5, 7, 2),
('2025-01-16', '00:50:00', 450, '00:04:00', '19:15:00', 9, 7, 9, 4),
('2025-01-17', '00:55:00', 500, '00:03:50', '06:30:00', 10, 2, 3, 8),
('2025-01-18', '00:30:00', 280, '00:05:40', '18:45:00', 6, 4, 4, 1),
('2025-01-19', '00:40:00', 390, '00:05:20', '14:00:00', 8, 8, 5, 6);

INSERT INTO wRecord (wrecord_date, wrecord_min, wrecord_cal, average_pace, wrecord_at, wrecord_intensity, user_id, workout_id, wplace_id) VALUES
('2025-01-20', '00:35:00', 340, '00:05:25', '06:45:00', 6, 2, 7, 3),
('2025-01-21', '00:40:00', 360, '00:04:50', '09:00:00', 8, 5, 4, 2),
('2025-01-22', '00:25:00', 230, '00:06:00', '15:00:00', 5, 6, 1, 5),
('2025-01-23', '00:30:00', 290, '00:05:40', '18:30:00', 7, 4, 3, 6),
('2025-01-24', '00:50:00', 450, '00:04:20', '07:30:00', 9, 7, 6, 7),
('2025-01-25', '00:35:00', 320, '00:05:10', '10:00:00', 6, 8, 5, 2),
('2025-01-26', '00:45:00', 410, '00:05:00', '13:30:00', 8, 3, 4, 3),
('2025-01-27', '00:40:00', 380, '00:04:45', '16:00:00', 7, 2, 9, 8),
('2025-01-28', '00:25:00', 250, '00:05:15', '19:00:00', 5, 1, 6, 4),
('2025-01-29', '00:55:00', 520, '00:03:50', '08:30:00', 10, 5, 7, 1),
('2025-01-30', '00:30:00', 290, '00:05:20', '11:30:00', 6, 4, 3, 5),
('2025-02-01', '00:40:00', 400, '00:04:55', '14:00:00', 8, 6, 8, 2),
('2025-02-02', '00:45:00', 430, '00:04:45', '17:30:00', 7, 7, 2, 9),
('2025-02-03', '00:25:00', 210, '00:06:00', '09:15:00', 4, 3, 5, 3),
('2025-02-04', '00:35:00', 330, '00:05:10', '20:00:00', 6, 8, 6, 4),
('2025-02-05', '00:50:00', 460, '00:04:10', '06:00:00', 9, 4, 3, 7),
('2025-02-06', '00:30:00', 280, '00:05:40', '18:45:00', 6, 2, 8, 5),
('2025-02-07', '00:55:00', 510, '00:03:55', '10:30:00', 9, 6, 7, 9),
('2025-02-08', '00:40:00', 390, '00:05:05', '12:15:00', 7, 1, 9, 3),
('2025-02-09', '00:45:00', 420, '00:04:40', '14:30:00', 8, 5, 3, 2),
('2025-02-10', '00:50:00', 470, '00:04:00', '17:00:00', 10, 7, 6, 6),
('2025-02-11', '00:25:00', 240, '00:06:10', '08:30:00', 5, 3, 4, 7),
('2025-02-12', '00:30:00', 270, '00:05:30', '13:30:00', 6, 4, 5, 8),
('2025-02-13', '00:45:00', 440, '00:04:30', '09:00:00', 8, 6, 8, 3),
('2025-02-14', '00:35:00', 320, '00:05:15', '19:30:00', 7, 2, 9, 4),
('2025-02-15', '00:40:00', 380, '00:04:55', '12:00:00', 8, 8, 7, 2),
('2025-02-16', '00:30:00', 300, '00:05:25', '10:30:00', 6, 5, 4, 3),
('2025-02-17', '00:50:00', 450, '00:04:30', '11:45:00', 9, 6, 3, 6),
('2025-02-18', '00:35:00', 330, '00:05:10', '15:00:00', 7, 7, 5, 7),
('2025-02-19', '00:40:00', 380, '00:04:50', '08:15:00', 8, 4, 6, 2),
('2025-02-20', '00:55:00', 520, '00:03:45', '13:00:00', 10, 1, 7, 8),
('2025-02-21', '00:30:00', 290, '00:05:30', '14:45:00', 6, 2, 8, 9),
('2025-02-22', '00:45:00', 440, '00:04:30', '07:30:00', 9, 5, 4, 7),
('2025-02-23', '00:25:00', 230, '00:06:00', '18:00:00', 5, 3, 2, 6),
('2025-02-24', '00:50:00', 470, '00:03:55', '11:30:00', 9, 4, 9, 5),
('2025-02-25', '00:30:00', 280, '00:05:45', '16:00:00', 6, 6, 7, 4),
('2025-02-26', '00:40:00', 390, '00:04:50', '09:15:00', 7, 7, 5, 3),
('2025-02-27', '00:35:00', 340, '00:05:25', '12:00:00', 6, 1, 8, 2),
('2025-02-28', '00:45:00', 420, '00:04:40', '17:00:00', 8, 3, 6, 9),
('2025-03-01', '00:30:00', 280, '00:05:30', '10:00:00', 5, 5, 2, 1),
('2025-03-02', '00:50:00', 460, '00:04:00', '13:00:00', 9, 2, 9, 4),
('2025-03-03', '00:40:00', 390, '00:04:50', '08:30:00', 7, 4, 7, 6),
('2025-03-04', '00:25:00', 230, '00:06:10', '14:30:00', 5, 6, 5, 8),
('2025-03-05', '00:35:00', 320, '00:05:15', '10:30:00', 7, 8, 3, 9),
('2025-03-06', '00:40:00', 380, '00:04:45', '17:45:00', 8, 7, 4, 5),
('2025-03-07', '00:45:00', 420, '00:04:30', '09:00:00', 8, 5, 6, 2),
('2025-03-08', '00:50:00', 470, '00:03:55', '06:30:00', 9, 1, 9, 7),
('2025-03-09', '00:30:00', 290, '00:05:25', '13:15:00', 6, 3, 4, 6);

SELECT * FROM place_review;

INSERT INTO place_review (review_title, review_content, review_rating, review_created_at, review_updated_at, review_is_blinded, wplace_id, user_id) VALUES
('이 장소 너무 쾌적해요!', '직원이 늘 깨끗히 청소해서 좋아요.', 5, '2025-02-01 10:00:00', NULL, FALSE, 1, 1),
('좋은 시설, 친절한 직원들', '헬스 기구가 최신형이고, 직원들이 너무 친절해요.', 4, '2025-02-02 11:15:00', NULL, FALSE, 2, 2),
('가격이 비쌈', '가격이 비싼데 시설은 괜찮아요. 그 정도로 가치는 있는지 모르겠어요.', 3, '2025-02-02 14:30:00', '2025-02-05 10:00:00', FALSE, 3, 3),
('운동하기 좋은 곳', '좋은 운동 환경과 쾌적한 공간, 꼭 추천하고 싶어요.', 5, '2025-02-03 09:00:00', NULL, FALSE, 4, 4),
('헬스장 분위기 나쁘지 않음', '그저 그런 헬스장. 너무 특별하진 않아요.', 3, '2025-02-04 08:00:00', NULL, FALSE, 5, 5),
('운동 프로그램이 다양해요', '필라테스, 요가, 헬스까지 다양한 프로그램이 있어요. 선택지가 많아서 좋습니다.', 4, '2025-02-05 10:00:00', NULL, FALSE, 6, 6),
('어두운 공간', '공간이 조금 어두워서 운동할 때 불편해요. 조명이 조금 더 밝았으면 좋겠습니다.', 2, '2025-02-06 13:00:00', '2025-02-07 11:00:00', FALSE, 7, 7),
('편리한 위치', '위치가 좋아서 자주 가기 편리해요. 공항철도 근처라 교통이 편합니다.', 4, '2025-02-07 15:30:00', NULL, FALSE, 8, 8),
('운동하는 곳으로 딱 좋아요!', '이 곳은 운동만 하기 좋은 곳이에요. 다만 시설은 좀 부족해요.', 3, '2025-02-08 12:00:00', NULL, FALSE, 9, 9),
('조용하고 좋은 분위기', '조용하게 운동할 수 있는 공간이라 좋아요. 사람도 많지 않아서 개인적으로 좋습니다.', 4, '2025-02-09 11:00:00', NULL, FALSE, 10, 10),
('너무 시끄러움', '음악이 너무 시끄러워서 집중하기 힘들어요. 개선이 필요합니다.', 2, '2025-02-09 16:00:00', '2025-02-10 10:00:00', FALSE, 11, 11),
('헬스장 인테리어가 예뻐요', '헬스장의 인테리어가 너무 예뻐요. 운동하기 좋은 분위기입니다.', 5, '2025-02-10 13:00:00', NULL, FALSE, 12, 12),
('청결하고 친절한 직원', '항상 청소가 잘 되어 있고, 직원들도 매우 친절합니다. 마음에 듭니다.', 5, '2025-02-11 09:00:00', NULL, FALSE, 13, 13),
('가격에 비해 부족한 시설', '가격은 비싸지만 시설이 그에 비해 부족합니다. 좀 더 개선이 필요해요.', 3, '2025-02-12 10:30:00', '2025-02-14 10:00:00', FALSE, 14, 14),
('시설 너무 좋음', '시설이 아주 좋아요. 최신 기구들이 다 있어서 편하게 운동할 수 있어요.', 5, '2025-02-12 17:00:00', NULL, FALSE, 15, 15),
('운동하기 좋은 곳', '이 곳은 정말 운동하기 좋은 장소입니다. 운동을 즐기는 분들께 추천합니다.', 4, '2025-02-13 08:00:00', NULL, FALSE, 16, 16),
('직원들 친절하지만...', '직원들이 친절하지만 공간이 너무 좁아서 불편합니다.', 3, '2025-02-14 11:30:00', NULL, FALSE, 17, 17),
('넓고 쾌적', '헬스장이 넓고 쾌적해서 운동할 때 기분이 좋아요.', 4, '2025-02-15 10:30:00', NULL, FALSE, 18, 18),
('기구가 많아요', '기구가 많아서 좋습니다. 원하는 운동 기구를 쉽게 찾을 수 있어요.', 4, '2025-02-16 09:00:00', NULL, FALSE, 19, 19),
('재방문 의향 있음', '운동하기 좋고, 가격도 나쁘지 않아요. 재방문할 의향이 있습니다.', 4, '2025-02-17 08:30:00', NULL, FALSE, 20, 20),
('청결상태가 별로', '화장실 청결 상태가 좋지 않아요. 개선이 필요합니다.', 2, '2025-02-17 12:00:00', NULL, FALSE, 21, 21),
('너무 작은 공간', '공간이 너무 좁고, 기구가 많아서 복잡합니다. 넓은 공간을 선호하는 분들은 비추천.', 2, '2025-02-18 14:30:00', '2025-02-19 15:00:00', FALSE, 22, 22),
('운동하기 좋다', '운동하기 좋은 공간입니다. 다양한 운동 프로그램도 있어서 만족합니다.', 4, '2025-02-19 16:00:00', NULL, FALSE, 23, 23),
('편리한 위치', '위치가 매우 좋아서 자주 방문하고 있습니다. 교통이 매우 편리해요.', 4, '2025-02-20 09:00:00', NULL, FALSE, 24, 24),
('친절한 서비스', '직원들이 매우 친절하고 헬스장도 깨끗합니다. 다음에 또 방문할게요.', 5, '2025-02-21 10:30:00', NULL, FALSE, 25, 25),
('운동하기 너무 좋음', '운동하기에 너무 좋은 환경이 갖추어져 있어요.', 5, '2025-02-22 08:00:00', NULL, FALSE, 26, 26),
('시설이 오래됨', '시설이 오래되어서 기구가 낡은 느낌이 있습니다.', 2, '2025-02-23 12:00:00', NULL, FALSE, 27, 27),
('청소상태가 좋음', '청소상태가 좋고 시설도 괜찮아요. 다만 가격이 비쌈.', 3, '2025-02-24 13:00:00', '2025-02-25 14:00:00', FALSE, 28, 28),
('친절한 직원들', '직원들이 친절하고, 분위기도 좋아서 운동이 즐겁습니다.', 5, '2025-02-25 09:00:00', NULL, FALSE, 29, 29),
('기구가 많고 좋아요', '헬스 기구가 많고 운동할 때 불편함이 없습니다. 매우 만족스러워요.', 5, '2025-02-26 11:30:00', NULL, FALSE, 30, 30);

INSERT INTO place_review (review_title, review_content, review_rating, review_created_at, review_updated_at, review_is_blinded, wplace_id, user_id) VALUES
('시설이 너무 좋습니다', '기구가 새로워서 운동하기 정말 좋습니다.', 5, '2025-02-27 10:00:00', NULL, FALSE, 1, 1),
('정말 만족스러워요', '헬스장도 깨끗하고, 직원들도 친절해요. 아주 만족합니다.', 5, '2025-02-28 11:00:00', NULL, FALSE, 2, 2),
('청결하고 조용한 운동 공간', '청결 상태가 좋고, 사람들이 많이 없어 조용해서 운동하기 좋아요.', 4, '2025-02-28 15:00:00', NULL, FALSE, 3, 3),
('가격 대비 좋음', '가격은 약간 비싸지만 시설은 괜찮고, 위치가 좋아서 자주 가고 있어요.', 4, '2025-03-01 09:00:00', NULL, FALSE, 4, 4),
('좀 더 넓었으면 좋겠어요', '공간이 좀 좁고, 사람들이 많아서 운동할 때 불편했어요.', 3, '2025-03-02 10:30:00', NULL, FALSE, 5, 5),
('운동 후 휴식이 좋습니다', '휴식 공간도 잘 마련되어 있고, 운동 후에 휴식하기 좋아요.', 5, '2025-03-02 14:00:00', NULL, FALSE, 6, 6),
('운동 프로그램이 많아요', '운동 프로그램이 다양해서 자주 가는 곳이에요. 정말 좋아요.', 5, '2025-03-03 12:00:00', NULL, FALSE, 7, 7),
('시설도 깨끗하고 좋네요', '시설이 깨끗하고 운동할 공간도 많아서 편하게 운동할 수 있습니다.', 4, '2025-03-04 13:00:00', NULL, FALSE, 8, 8),
('운동하기 좋은 분위기', '여기 분위기가 좋아서 운동하기 정말 좋아요.', 5, '2025-03-05 10:00:00', NULL, FALSE, 9, 9),
('조용한 곳에서 운동할 수 있어요', '사람들이 많지 않아서 조용하게 운동할 수 있어서 좋습니다.', 4, '2025-03-06 11:00:00', NULL, FALSE, 10, 10),
('전반적으로 괜찮은 곳', '가격도 괜찮고, 시설도 좋지만 조금 더 넓었으면 좋겠어요.', 3, '2025-03-07 10:00:00', NULL, FALSE, 11, 11),
('친절한 직원들', '직원들이 정말 친절하고, 공간도 깔끔해서 마음에 들어요.', 5, '2025-03-07 13:00:00', NULL, FALSE, 12, 12),
('시설이 오래되어서 아쉽네요', '기구가 좀 오래돼서 불편했어요. 가격 대비 더 나은 시설을 기대했어요.', 2, '2025-03-08 14:00:00', '2025-03-09 10:00:00', FALSE, 13, 13),
('괜찮은 운동 공간', '운동하기 좋고, 사람이 많지 않아 편하게 운동할 수 있어요.', 4, '2025-03-09 16:00:00', NULL, FALSE, 14, 14),
('운동 후 피로 회복도 잘 되네요', '운동 후 휴식 공간이 잘 마련되어 있어서 피로 회복에 도움이 돼요.', 5, '2025-03-10 10:00:00', NULL, FALSE, 15, 15),
('시설은 좋지만, 사람들이 많아요', '시설은 훌륭하지만 사람도 많아서 약간 불편할 때가 있어요.', 3, '2025-03-10 13:00:00', NULL, FALSE, 16, 16),
('최고의 운동 공간', '이 곳은 최고의 운동 공간이에요. 모두 만족스럽습니다.', 5, '2025-03-11 12:00:00', NULL, FALSE, 17, 17),
('운동 기구가 너무 적어요', '기구가 부족해서 운동할 때 불편했습니다. 더 많은 기구가 필요해요.', 2, '2025-03-11 14:00:00', NULL, FALSE, 18, 18),
('전반적으로 좋아요', '위치도 좋고, 가격도 괜찮고, 시설도 좋습니다. 만족해요.', 4, '2025-03-12 09:00:00', NULL, FALSE, 19, 19),
('주차가 불편해요', '주차 공간이 부족하고 불편해서 차를 가지고 가기 힘들어요.', 3, '2025-03-12 16:00:00', '2025-03-13 12:00:00', FALSE, 20, 20),
('헬스장 분위기 최고', '헬스장 분위기가 정말 좋습니다. 운동할 때 집중이 잘 돼요.', 5, '2025-03-13 09:30:00', NULL, FALSE, 21, 21),
('운동 후 피로가 덜해요', '운동 후 피로가 덜해서 너무 좋아요. 좋은 환경이에요.', 5, '2025-03-14 08:30:00', NULL, FALSE, 22, 22),
('조용한 분위기에서 운동', '운동하기에 매우 좋은 분위기라 집중이 잘 됩니다.', 5, '2025-03-14 11:00:00', NULL, FALSE, 23, 23),
('깨끗하고 쾌적해요', '시설이 깨끗하고 쾌적해서 기분 좋게 운동할 수 있어요.', 5, '2025-03-15 10:00:00', NULL, FALSE, 24, 24),
('운동하기 좋은 장소', '운동에 필요한 모든 시설이 갖추어져 있어 좋습니다.', 4, '2025-03-15 12:30:00', NULL, FALSE, 25, 25),
('직원들이 친절해요', '직원들이 정말 친절하고, 운동하는 동안 편안함을 줍니다.', 5, '2025-03-16 10:00:00', NULL, FALSE, 26, 26),
('시설은 괜찮지만 가격이 비쌈', '시설은 좋지만 가격이 비싸서 부담스러워요.', 3, '2025-03-16 12:30:00', NULL, FALSE, 27, 27),
('시끄러워서 집중이 안 돼요', '음악 소리가 너무 커서 운동에 집중이 안 돼요. 좀 더 조용했으면 좋겠어요.', 2, '2025-03-17 11:00:00', NULL, FALSE, 28, 28),
('너무 좋습니다', '이곳은 정말 최고예요! 매우 만족합니다.', 5, '2025-03-17 14:00:00', NULL, FALSE, 29, 29),
('운동하기 좋은 환경', '운동하기 좋은 환경입니다. 기구도 많고, 분위기도 좋아요.', 5, '2025-03-18 08:00:00', NULL, FALSE, 30, 30),
('화장실 상태가 별로', '화장실 상태가 그다지 좋지 않아서 개선이 필요해요.', 2, '2025-03-18 11:00:00', NULL, FALSE, 31, 31),
('편리한 위치, 쾌적한 환경', '위치가 매우 좋고, 환경도 쾌적해서 자주 가고 싶습니다.', 4, '2025-03-19 13:00:00', NULL, FALSE, 32, 32),
('운동 기구가 너무 오래됨', '운동 기구가 많이 오래돼서 사용하기 불편했어요.', 2, '2025-03-19 16:00:00', NULL, FALSE, 33, 33),
('추천하는 헬스장', '많은 운동 기구와 쾌적한 환경이 제공되어 운동하기 좋아요.', 5, '2025-03-20 10:00:00', NULL, FALSE, 34, 34),
('운동 기구가 다양해요', '기구가 다양하고 최신식이라 운동하기 좋습니다.', 5, '2025-03-21 11:30:00', NULL, FALSE, 35, 35),
('자주 가는 곳입니다', '가격이 비싸긴 하지만, 만족스러워서 자주 가는 곳이에요.', 4, '2025-03-21 14:00:00', NULL, FALSE, 36, 36),
('적당한 크기의 헬스장', '헬스장이 적당한 크기라서 좋습니다. 너무 크지도 작지도 않아요.', 4, '2025-03-22 09:00:00', NULL, FALSE, 37, 37),
('최고의 운동 환경', '최고의 운동 환경과 깨끗한 시설 덕분에 만족스럽습니다.', 5, '2025-03-22 12:00:00', NULL, FALSE, 38, 38),
('시끄러운 음악', '음악이 너무 시끄러워서 운동에 집중하기 어려워요.', 2, '2025-03-23 10:30:00', NULL, FALSE, 39, 39),
('편리한 교통', '교통이 매우 편리해서 자주 가고 있어요. 위치가 좋습니다.', 4, '2025-03-23 13:30:00', NULL, FALSE, 40, 40),
('깨끗하고 조용한 곳', '운동에 집중할 수 있는 깨끗하고 조용한 공간입니다.', 5, '2025-03-24 09:00:00', NULL, FALSE, 41, 41),
('조용하고 좋은 분위기', '너무 시끄럽지 않고, 조용한 분위기에서 운동할 수 있어요.', 4, '2025-03-24 12:00:00', NULL, FALSE, 42, 42),
('복잡하지 않아서 좋음', '운동할 때 사람들이 많지 않아서 좋습니다.', 5, '2025-03-25 10:00:00', NULL, FALSE, 43, 43),
('휴식 공간이 좋아요', '운동 후 피로 회복을 위한 휴식 공간이 잘 마련되어 있습니다.', 5, '2025-03-25 12:30:00', NULL, FALSE, 44, 44),
('너무 혼잡해요', '사람들이 너무 많아 운동하기 불편했어요. 시간이 안 맞았던 것 같아요.', 3, '2025-03-26 14:00:00', NULL, FALSE, 45, 45),
('다시 방문할 의향 있음', '운동하기에 좋은 환경이라 다시 방문할 의향이 있어요.', 4, '2025-03-26 17:00:00', NULL, FALSE, 46, 46),
('시설이 깨끗해서 좋아요', '시설이 매우 깨끗하고 쾌적해서 기분 좋게 운동할 수 있어요.', 5, '2025-03-27 10:00:00', NULL, FALSE, 47, 47),
('헬스장 분위기 최고입니다', '헬스장 분위기가 최고입니다. 운동에 집중할 수 있어요.', 5, '2025-03-27 13:00:00', NULL, FALSE, 48, 48),
('편리한 위치', '위치가 정말 좋아서 자주 가고 있어요.', 4, '2025-03-28 09:00:00', NULL, FALSE, 49, 49),
('운동 공간이 너무 작아요', '운동 공간이 너무 좁아서 불편했어요. 더 넓었으면 좋겠습니다.', 2, '2025-03-28 12:30:00', NULL, FALSE, 50, 50);

INSERT INTO place_review (review_title, review_content, review_rating, review_created_at, review_updated_at, review_is_blinded, wplace_id, user_id) VALUES
('별로였어요', '기구도 오래되고, 청결 상태도 별로였어요. 전반적으로 실망했습니다.', 2, '2025-03-01 08:00:00', NULL, TRUE, 1, 2),
('비추입니다', '직원들이 무례하게 대하고, 시설도 관리가 잘 안 되어 있네요.', 1, '2025-03-03 10:00:00', '2025-03-04 12:00:00', TRUE, 2, 3),
('정말 최악이었어요', '기구도 부서져 있고, 시설이 너무 낡았습니다. 이 가격에 이 정도라니.', 1, '2025-03-05 09:00:00', NULL, TRUE, 3, 4),
('너무 시끄러워요', '음악이 너무 시끄럽고 집중할 수 없어요. 운동하기 힘들었어요.', 2, '2025-03-07 11:00:00', NULL, TRUE, 4, 5),
('불편했어요', '공간이 좁고 사람들이 많아서 운동하기 힘들었어요.', 2, '2025-03-10 14:00:00', NULL, TRUE, 5, 6),
('다시는 안 갈 거예요', '위치도 불편하고, 공간도 너무 좁아서 다시 가고 싶지 않아요.', 1, '2025-03-12 10:00:00', NULL, TRUE, 6, 7),
('깨끗하지 않아요', '시설이 낡고, 청소도 제대로 안 되어 있어서 위생이 걱정되네요.', 2, '2025-03-14 09:30:00', NULL, TRUE, 7, 8),
('너무 비쌈', '가격에 비해 시설이 너무 낙후되어 있어서 비추입니다.', 2, '2025-03-16 13:00:00', '2025-03-17 10:00:00', TRUE, 8, 9),
('운동하기 불편해요', '운동할 공간이 부족하고, 기구도 자주 고장 나 있어서 불편했어요.', 3, '2025-03-18 12:00:00', NULL, TRUE, 9, 10),
('좀 더 관리가 필요해요', '기구도 오래되고, 청소 상태도 부족해요. 개선이 필요해 보입니다.', 3, '2025-03-20 11:00:00', NULL, TRUE, 10, 11);

SELECT * FROM product;

INSERT INTO product (product_name, product_desc, product_url, product_created_at, product_updated_at) VALUES
('아령', '손으로 잡고 운동할 수 있는 무거운 물건', 'http://example.com/dumbbell', '2025-01-10', '2025-01-12'),
('줄넘기', '길고 얇은 줄을 이용해 운동하는 기구', 'http://example.com/jump_rope', '2025-01-11', NULL),
('복싱글러브', '손에 착용하여 복싱 시 사용하는 보호 장비', 'http://example.com/boxing_gloves', '2025-01-12', '2025-01-14'),
('스트랩', '손목에 감아서 쓰는 물건', 'http://example.com/strap', '2025-01-13', NULL),
('런닝화', '운동을 위한 편안한 신발', 'http://example.com/running_shoes', '2025-01-14', '2025-01-15'),
('헬스 밴드', '저항을 주어 운동을 돕는 밴드', 'http://example.com/fitness_band', '2025-01-15', NULL),
('요가 매트', '바닥에 깔고 요가 운동을 할 수 있는 매트', 'http://example.com/yoga_mat', '2025-01-16', '2025-01-17'),
('트레드밀', '실내에서 뛰거나 걷는 운동 기계', 'http://example.com/treadmill', '2025-01-17', '2025-01-18'),
('배드민턴 라켓', '배드민턴을 칠 때 사용하는 라켓', 'http://example.com/badminton_racket', '2025-01-18', NULL),
('스쿼트 머신', '스쿼트 운동을 돕는 기계 장비', 'http://example.com/squat_machine', '2025-01-19', NULL),
('훅훅', '속도 훈련을 위한 전자 장치', 'http://example.com/hook_hook', '2025-01-20', '2025-01-22'),
('킥복싱 장갑', '킥복싱을 할 때 사용하는 보호 장갑', 'http://example.com/kickboxing_gloves', '2025-01-21', '2025-01-23'),
('덤벨 세트', '여러 무게가 있는 덤벨 세트', 'http://example.com/dumbbell_set', '2025-01-22', NULL),
('배틀로프', '전신 운동을 도와주는 로프', 'http://example.com/battle_rope', '2025-01-23', '2025-01-24'),
('웨이트 벨트', '무게를 추가하여 운동을 돕는 벨트', 'http://example.com/weight_belt', '2025-01-24', NULL),
('케틀벨', '무게가 있는 원형 기구로 다양한 운동을 지원', 'http://example.com/kettlebell', '2025-01-25', '2025-01-26'),
('트레이닝 바지', '운동할 때 입는 편안한 바지', 'http://example.com/training_pants', '2025-01-26', NULL),
('헬스 장갑', '손 보호와 그립 강화를 위한 장갑', 'http://example.com/fitness_gloves', '2025-01-27', '2025-01-28'),
('웨이트 조끼', '웨이트를 추가해 운동 강도를 높이는 조끼', 'http://example.com/weight_vest', '2025-01-28', NULL),
('발목 밴드', '발목에 착용하여 운동을 돕는 밴드', 'http://example.com/ankle_band', '2025-01-29', '2025-01-30'),
('스쿼트 패드', '스쿼트 운동을 할 때 편안함을 주는 패드', 'http://example.com/squat_pad', '2025-01-30', NULL),
('실내 자전거', '실내에서 자전거 운동을 할 수 있는 기계', 'http://example.com/indoor_bike', '2025-01-31', '2025-02-01');

INSERT INTO product (product_name, product_desc, product_url, product_created_at, product_updated_at) VALUES
('헬스 장비 세트', '여러 가지 운동 기구가 포함된 세트', 'http://example.com/fitness_gear_set', '2025-02-01', '2025-02-03'),
('폼롤러', '근육 이완을 위한 롤러', 'http://example.com/foam_roller', '2025-02-02', '2025-02-04'),
('배드민턴 셔틀콕', '배드민턴을 할 때 사용하는 셔틀콕', 'http://example.com/badminton_shuttlecock', '2025-02-03', NULL),
('헬스 푸드', '운동 후 섭취하는 보충 식품', 'http://example.com/health_food', '2025-02-04', '2025-02-06'),
('요가 블록', '요가 운동 시 보조 용도로 사용하는 블록', 'http://example.com/yoga_block', '2025-02-05', NULL),
('운동용 리본', '체중 감량을 위한 운동 기구', 'http://example.com/exercise_ribbon', '2025-02-06', '2025-02-07'),
('트레킹화', '산악 등반용 신발', 'http://example.com/trekking_shoes', '2025-02-07', NULL),
('스쿼트 랙', '스쿼트 운동을 돕는 기구', 'http://example.com/squat_rack', '2025-02-08', '2025-02-10'),
('킥보드', '체력 단련용 킥보드', 'http://example.com/kickboard', '2025-02-09', '2025-02-11'),
('줄다리기 로프', '줄다리기 운동을 위한 로프', 'http://example.com/rope', '2025-02-10', NULL),
('헬스 다이어리', '운동 기록을 할 수 있는 다이어리', 'http://example.com/fitness_diary', '2025-02-11', '2025-02-13'),
('휴대용 체중계', '간편하게 사용할 수 있는 체중계', 'http://example.com/portable_scale', '2025-02-12', NULL),
('매트리스', '운동할 때 사용할 수 있는 부드러운 매트', 'http://example.com/mattress', '2025-02-13', '2025-02-14'),
('운동용 벤치', '벤치 프레스 운동을 위한 벤치', 'http://example.com/exercise_bench', '2025-02-14', '2025-02-15'),
('러닝 시계', '운동 중 시간을 측정할 수 있는 시계', 'http://example.com/running_watch', '2025-02-15', NULL),
('체중 감량 기계', '체중 감량을 위한 운동 기계', 'http://example.com/weight_loss_machine', '2025-02-16', '2025-02-17'),
('디지털 체온계', '운동 후 체온 측정용 디지털 체온계', 'http://example.com/digital_thermometer', '2025-02-17', '2025-02-19'),
('머슬 스틱', '근육 이완과 스트레칭을 위한 스틱', 'http://example.com/muscle_stick', '2025-02-18', NULL),
('슬랙라인', '균형을 잡고 걷는 운동 기구', 'http://example.com/slackline', '2025-02-19', '2025-02-20'),
('배드민턴 네트', '배드민턴을 할 때 사용하는 네트', 'http://example.com/badminton_net', '2025-02-20', NULL),
('헬스 보충제', '운동 후 근육 보강을 위한 보충제', 'http://example.com/health_supplement', '2025-02-21', '2025-02-23'),
('피트니스 트래커', '운동량을 측정하고 기록할 수 있는 트래커', 'http://example.com/fitness_tracker', '2025-02-22', '2025-02-24'),
('스크램블링 텀블러', '스크램블링 운동을 위한 텀블러', 'http://example.com/scrambling_tumbler', '2025-02-23', '2025-02-25'),
('러닝 앱', '운동 목표를 추적하고 관리할 수 있는 앱', 'http://example.com/running_app', '2025-02-24', '2025-02-26'),
('단백질 쉐이크', '운동 후 마시는 단백질 음료', 'http://example.com/protein_shake', '2025-02-25', NULL),
('캠핑용 요가 매트', '캠핑 중 사용할 수 있는 요가 매트', 'http://example.com/camping_yoga_mat', '2025-02-26', '2025-02-28'),
('무릎 보호대', '운동 중 무릎을 보호하는 장비', 'http://example.com/knee_guard', '2025-02-27', '2025-02-28'),
('배낭', '운동 후 개인 용품을 담는 배낭', 'http://example.com/backpack', '2025-02-28', '2025-03-01'),
('자전거 헬멧', '자전거 타기에 필요한 헬멧', 'http://example.com/bike_helmet', '2025-03-01', '2025-03-02'),
('피지컬 체스트', '체형 교정을 위한 가슴 운동 기구', 'http://example.com/physical_chest', '2025-03-02', NULL),
('수영용 킥보드', '수영 시 다리 훈련을 위한 킥보드', 'http://example.com/swimming_kickboard', '2025-03-03', '2025-03-05'),
('팔꿈치 보호대', '팔꿈치를 보호하는 장비', 'http://example.com/elbow_guard', '2025-03-04', NULL),
('상체 운동기구', '상체 운동을 도와주는 기구', 'http://example.com/upper_body_exercise', '2025-03-05', '2025-03-07'),
('운동화 끈', '운동화의 끈', 'http://example.com/shoe_laces', '2025-03-06', NULL),
('스포츠 시계', '운동과 활동을 추적하는 스포츠 시계', 'http://example.com/sport_watch', '2025-03-07', '2025-03-08'),
('에어로빅 스텝', '에어로빅 운동을 위한 스텝 기구', 'http://example.com/aerobic_step', '2025-03-08', NULL),
('스포츠 타월', '운동 시 땀을 닦을 수 있는 타월', 'http://example.com/sport_towel', '2025-03-09', '2025-03-10'),
('마사지 기계', '운동 후 근육을 풀어주는 마사지 기계', 'http://example.com/massage_machine', '2025-03-10', '2025-03-12'),
('스텝퍼 기계', '체중 감량과 근육 강화를 위한 스텝퍼 기계', 'http://example.com/stepper_machine', '2025-03-11', '2025-03-13'),
('체스트 프레스', '가슴 운동을 위한 체스트 프레스 기계', 'http://example.com/chest_press', '2025-03-12', NULL),
('운동용 파우치', '운동 시 소지품을 담을 수 있는 파우치', 'http://example.com/fitness_pouch', '2025-03-13', '2025-03-14'),
('히팅 패드', '운동 후 근육 통증 완화를 위한 패드', 'http://example.com/heating_pad', '2025-03-14', NULL),
('버피 패드', '버피 운동을 돕는 패드', 'http://example.com/burpee_pad', '2025-03-15', '2025-03-16'),
('스포츠 바디 슈트', '운동 시 편안하게 착용할 수 있는 바디 슈트', 'http://example.com/body_suit', '2025-03-16', '2025-03-17'),
('스쿼트 바벨', '스쿼트 운동을 위한 바벨', 'http://example.com/squat_barbell', '2025-03-17', '2025-03-19'),
('운동용 벨트', '운동 중 무게를 지탱하는 벨트', 'http://example.com/fitness_belt', '2025-03-18', NULL),
('자전거 고글', '자전거 라이딩 시 필요한 고글', 'http://example.com/bike_goggles', '2025-03-19', '2025-03-21'),
('단단한 고무줄', '저항 운동을 위한 고무줄', 'http://example.com/rubber_band', '2025-03-20', '2025-03-22'),
('풀업 바', '풀업 운동을 위한 바', 'http://example.com/pull_up_bar', '2025-03-21', NULL),
('운동 팬츠', '편안한 운동용 팬츠', 'http://example.com/sports_pants', '2025-03-22', '2025-03-23'),
('헬스 체중계', '운동 전후 체중을 측정할 수 있는 체중계', 'http://example.com/health_scale', '2025-03-23', NULL),
('무릎 보호대 세트', '무릎 보호를 위한 세트', 'http://example.com/knee_guard_set', '2025-03-24', '2025-03-26'),
('헬스 타이머', '운동 시간을 측정할 수 있는 타이머', 'http://example.com/fitness_timer', '2025-03-25', NULL),
('단단한 마사지 볼', '근육 이완을 돕는 마사지 볼', 'http://example.com/hard_massage_ball', '2025-03-26', '2025-03-28'),
('단백질 바', '운동 후 간편하게 먹을 수 있는 단백질 바', 'http://example.com/protein_bar', '2025-03-27', '2025-03-29'),
('헬스 넥밴드', '운동 중 땀을 흡수하는 넥밴드', 'http://example.com/fitness_headband', '2025-03-28', NULL),
('운동용 워터보틀', '운동 중 물을 마실 수 있는 보틀', 'http://example.com/fitness_water_bottle', '2025-03-29', '2025-03-31');

INSERT INTO product (product_name, product_desc, product_url, product_created_at, product_updated_at) VALUES
('운동용 팔꿈치 보호대', '팔꿈치를 보호할 수 있는 보호대', 'http://example.com/elbow_guard', '2025-04-01', '2025-04-02'),
('스포츠 벨트', '운동 중 안정성을 제공하는 벨트', 'http://example.com/sport_belt', '2025-04-02', '2025-04-03'),
('배드민턴 라켓', '배드민턴을 할 때 사용하는 라켓', 'http://example.com/badminton_racket', '2025-04-03', NULL),
('헬스 보조기구 세트', '헬스 운동에 필요한 다양한 보조기구 세트', 'http://example.com/fitness_gear_set', '2025-04-04', '2025-04-06'),
('스트레칭 밴드', '스트레칭 운동을 위한 밴드', 'http://example.com/stretch_band', '2025-04-05', NULL),
('자전거 바퀴', '자전거의 부품인 바퀴', 'http://example.com/bike_wheel', '2025-04-06', '2025-04-07'),
('어깨 보호대', '어깨 운동 시 보호를 위한 장비', 'http://example.com/shoulder_guard', '2025-04-07', '2025-04-09'),
('헬스 바디 롤러', '바디 마사지와 근육 풀기를 위한 롤러', 'http://example.com/body_roller', '2025-04-08', '2025-04-10'),
('운동용 후드티', '운동 중 입기 좋은 후드티', 'http://example.com/fitness_hoodie', '2025-04-09', '2025-04-11'),
('피트니스 장갑', '운동 시 손을 보호하는 피트니스 장갑', 'http://example.com/fitness_gloves', '2025-04-10', '2025-04-12'),
('실내 자전거', '실내에서 운동할 수 있는 자전거', 'http://example.com/spin_bike', '2025-04-11', NULL),
('체스트 프레스 머신', '가슴 운동을 위한 체스트 프레스 기계', 'http://example.com/chest_press_machine', '2025-04-12', '2025-04-13'),
('피트니스 밴드', '근력 운동을 돕는 밴드', 'http://example.com/fitness_band', '2025-04-13', '2025-04-14'),
('헬스 운동화', '운동 시 착용하는 운동화', 'http://example.com/fitness_shoes', '2025-04-14', NULL),
('러닝용 고글', '러닝 중 눈을 보호하는 고글', 'http://example.com/running_goggles', '2025-04-15', '2025-04-16'),
('핸드 웨이트', '운동 시 손에 착용하는 웨이트', 'http://example.com/hand_weights', '2025-04-16', '2025-04-17'),
('헬스 클럽 멤버십 카드', '헬스 클럽의 멤버십을 위한 카드', 'http://example.com/gym_membership', '2025-04-17', '2025-04-18'),
('유산소 운동 기계', '유산소 운동을 위한 기계', 'http://example.com/cardio_machine', '2025-04-18', NULL),
('스쿼트 훈련기', '스쿼트를 돕는 훈련기', 'http://example.com/squat_trainer', '2025-04-19', '2025-04-20'),
('무릎 보호대 세트', '무릎을 보호할 수 있는 보호대 세트', 'http://example.com/knee_guard_set', '2025-04-20', '2025-04-21'),
('어시스트 바벨', '운동 중 바벨을 보조하는 장비', 'http://example.com/assist_barbell', '2025-04-21', '2025-04-23'),
('요가 매트', '편안한 요가 운동을 위한 매트', 'http://example.com/yoga_mat', '2025-04-22', '2025-04-24'),
('스트레칭 기구', '스트레칭 운동을 돕는 기구', 'http://example.com/stretch_equipment', '2025-04-23', NULL),
('운동용 팔찌', '운동 중 사용할 수 있는 팔찌', 'http://example.com/fitness_bracelet', '2025-04-24', '2025-04-25'),
('운동용 팔꿈치 스트랩', '팔꿈치를 보호하는 스트랩', 'http://example.com/elbow_strap', '2025-04-25', '2025-04-27'),
('헬스 인이어 헤드셋', '운동 중 음악을 듣기 위한 헤드셋', 'http://example.com/fitness_headset', '2025-04-26', '2025-04-28'),
('스탠딩 데스크', '운동을 위해 서서 일할 수 있는 책상', 'http://example.com/standing_desk', '2025-04-27', '2025-04-28'),
('짐볼', '짐에서 사용하는 큰 운동 공', 'http://example.com/gym_ball', '2025-04-28', '2025-04-30'),
('헬스 책', '운동과 건강을 다룬 책', 'http://example.com/fitness_book', '2025-04-29', '2025-05-01'),
('피트니스 트레이닝 수트', '운동을 위한 수트', 'http://example.com/fitness_suit', '2025-04-30', NULL),
('몸매 관리용 스킨', '운동 후 피부 관리를 위한 스킨', 'http://example.com/fitness_skin', '2025-05-01', '2025-05-02'),
('고급 요가 블록', '고급 소재로 만들어진 요가 블록', 'http://example.com/advanced_yoga_block', '2025-05-02', '2025-05-03');

SELECT * FROM community_post;

INSERT INTO community_post (post_title, post_content, post_is_blinded, user_id)
VALUES
('오늘은 다리 운동하는 날!', '오늘은 다리 운동을 집중적으로 했어요. 스쿼트, 런지, 레그프레스까지. 운동 후 느낀 점은 체력이 정말 많이 좋아졌다는 것!', FALSE, 1),
('홈트로 완벽한 복근 만들기', '홈트로 복근 운동을 하며 느낀 점, 아령 하나로도 효과적인 복근 운동이 가능하다는 걸 알게 됐다! 플랭크와 바이시클 크런치 추천!', FALSE, 2),
('근육 증가를 위한 식단', '운동만큼 중요한 것이 바로 식단! 특히 단백질 섭취가 중요하다. 하루 2g/kg 체중의 단백질을 목표로 섭취하고 있다.', FALSE, 3),
('유산소 운동의 중요성', '유산소 운동을 하루 30분씩 하는 습관을 들였는데, 체력도 좋아지고 스트레스가 많이 해소된다. 걷기, 달리기, 자전거 타기 모두 좋은 운동!', FALSE, 4),
('헬스장 초보자를 위한 팁', '헬스장에 처음 가면 뭘 해야 할지 모르겠죠? 우선은 기본적인 기구 사용법부터 익히고, 가벼운 웨이트부터 시작하는 것이 좋습니다!', FALSE, 5),
('스트레칭의 중요성', '운동 전후로 스트레칭을 충분히 해야 부상을 예방할 수 있다. 특히 하체 스트레칭을 소홀히 하면 허리나 무릎에 무리가 올 수 있다.', FALSE, 6),
('체중 감량을 위한 운동 루틴', '체중을 줄이기 위해서는 유산소 운동과 웨이트 트레이닝을 병행하는 것이 중요하다. 나는 매일 30분 걷기와 30분 웨이트를 한다.', FALSE, 7),
('상체 강화 운동 루틴', '상체를 강화하는 운동으로는 벤치프레스, 덤벨 숄더 프레스, 풀업 등이 효과적이다. 매주 일정한 루틴으로 꾸준히 하는 것이 중요하다.', FALSE, 8),
('근력 운동 후 영양 보충', '근력 운동 후에는 빠르게 단백질을 보충하는 것이 중요하다. 나는 운동 후 30분 이내에 단백질 쉐이크를 섭취한다.', FALSE, 9),
('어깨 운동을 위한 꿀팁', '어깨 운동 시 덤벨을 활용한 숄더 프레스와 레터럴 레이즈를 자주 한다. 어깨가 튼튼해지면 다른 운동도 훨씬 수월해진다.', FALSE, 10),
('유산소 운동을 시작해봤어요!', '요즘 유산소 운동을 시작했는데 처음에는 힘들었지만 점차 체력이 늘어나서 즐겁게 하고 있다. 특히, 줄넘기와 싸이클링이 효과적이다.', FALSE, 11),
('초코바와 운동 후 간식', '운동 후에 먹는 간식이 중요하다는 것을 알게 됐다. 단백질 바나 초코바를 먹으면 운동 후 회복에 도움이 된다.', TRUE, 12),
('마라톤 준비, 처음 시작했어요', '마라톤을 준비하는데, 처음에는 거리도 짧고 힘들었지만 지금은 10km까지는 거뜬히 뛰고 있다. 달리기 좋은 날씨가 되면 더욱 힘이 난다!', FALSE, 13),
('요가로 몸과 마음 건강', '요가를 통해 몸과 마음의 건강을 동시에 챙기고 있다. 특히 호흡에 집중하면서 몸의 긴장이 풀리는 느낌이 너무 좋다.', FALSE, 14),
('운동으로 스트레스 해소하기', '운동을 시작하면서 스트레스가 많이 해소되었다. 특히 격렬한 운동보다는 차분하게 유산소를 하는 것이 나에게는 잘 맞는 것 같다.', FALSE, 15),
('대근육 운동, 벤치프레스', '벤치프레스는 대근육을 키우는 데 정말 효과적인 운동! 가슴과 어깨, 삼두를 동시에 키울 수 있어 효율적이다.', TRUE, 16),
('플랭크의 효과', '매일 3분씩 플랭크를 해보세요. 시작은 힘들지만 꾸준히 하면 정말 몸이 탄탄해진다.', FALSE, 17),
('자전거 타기, 체력 증진에 좋아요', '자전거 타기는 체력을 키우고 다리 근육을 강화하는 데 매우 좋다. 특히 자전거를 타면 자연스럽게 체지방도 줄어든다.', FALSE, 18),
('체중 증가를 위한 헬스 운동', '체중을 늘리기 위해서는 주로 웨이트 트레이닝에 집중하고 있다. 먹는 것도 중요하지만 운동이 더 중요하다.', FALSE, 19),
('홈트로 팔뚝 살 빼기', '홈트로 팔뚝 살 빼는 운동을 꾸준히 했더니 팔꿈치가 보이기 시작했다. 덤벨과 고무밴드를 이용해 운동을 하고 있다.', FALSE, 20),
('운동 후 마사지의 중요성', '운동 후 마사지를 받으면 근육의 회복이 훨씬 빨라진다. 요즘은 마사지 기기를 사용해 근육을 풀어주고 있다.', TRUE, 21),
('빠른 체중 감량을 위한 운동', '체중 감량을 위한 빠른 방법은 유산소 운동과 근력 운동을 병행하는 것이다. 빠른 결과를 원한다면 꾸준함이 중요하다.', FALSE, 22),
('허리 통증을 줄이는 운동', '허리가 자주 아프다면, 척추를 바로 잡아주는 운동이 필요하다. 나는 필라테스를 추천한다!', TRUE, 23),
('체력 증가를 위한 운동 루틴', '체력을 키우기 위해서는 꾸준한 유산소 운동과 웨이트를 병행하는 것이 중요하다. 근육량을 늘리면서 체력을 기르자!', FALSE, 24),
('윗몸 일으키기', '윗몸 일으키기 운동은 복근을 강화하는 데 정말 좋은 운동이다. 꾸준히 하면 확실히 효과를 볼 수 있다.', FALSE, 25),
('무릎 부상 예방 운동', '무릎 부상을 예방하려면 무릎에 부담을 주지 않는 운동이 필요하다. 나는 수영을 자주 한다.', FALSE, 26),
('운동 전 후 수분 보충', '운동 전 후로 충분한 수분을 섭취해야 한다. 수분이 부족하면 근육 회복이 늦어진다.', TRUE, 27),
('트레드밀에서 뛰기', '트레드밀에서 뛰는 운동은 걷기보다 더 많은 칼로리를 소모한다. 나는 30분씩 뛰는데 점차 시간이 늘어나고 있다.', FALSE, 28),
('힘든 운동 후 회복', '힘든 운동 후 회복은 정말 중요하다. 나는 항상 스트레칭과 충분한 수면을 취하고 있다.', FALSE, 29),
('건강한 식습관을 위한 팁', '운동과 함께 식습관을 고치는 것이 중요하다. 간식은 과일이나 견과류를 먹는 것이 좋다.', TRUE, 30),
('아침 운동으로 하루 시작하기', '아침 운동은 하루를 상쾌하게 시작할 수 있게 해준다. 나는 매일 아침 30분씩 스트레칭과 유산소 운동을 한다.', FALSE, 31);

INSERT INTO community_post (post_title, post_content, post_is_blinded, user_id)
VALUES
('팔꿈치 통증 예방 운동', '팔꿈치 통증을 예방하는 데 도움이 되는 운동을 찾아봤다. 덤벨을 이용한 운동과 스트레칭이 효과적이었다.', FALSE, 32),
('체지방 줄이기 위한 운동 루틴', '체지방을 줄이기 위해서는 유산소 운동과 근력 운동을 적절히 섞는 것이 중요하다. 나는 주 5회 운동하고 있다.', FALSE, 33),
('하체 운동 루틴', '하체 운동을 위한 루틴은 스쿼트, 레그프레스, 레그컬을 기본으로 한다. 하체 운동을 잘하면 전신 운동이 더 효과적이다.', FALSE, 34),
('다이어트 중에도 근육 유지하기', '다이어트를 하면서 근육을 유지하려면 단백질을 충분히 섭취하고, 웨이트 트레이닝을 병행하는 것이 중요하다.', FALSE, 35),
('체형 교정을 위한 운동', '체형 교정을 위해서 요가와 필라테스를 시작했다. 몸의 균형이 잡히고 무릎 통증도 줄어든 것 같다.', FALSE, 36),
('다리 스트레칭으로 부상 예방', '운동 전후로 다리 스트레칭을 충분히 해야 부상을 예방할 수 있다. 특히 햄스트링을 풀어주면 무릎에 무리가 덜 간다.', TRUE, 37),
('HIIT 운동으로 빠르게 체지방 빼기', 'HIIT 운동을 시작하면서 체지방이 빠지는 속도가 놀라울 정도로 빨라졌다. 20분만 해도 효과적이다.', FALSE, 38),
('웨이트 트레이닝과 유산소 병행', '웨이트 트레이닝과 유산소 운동을 병행하면서 체력과 근육량을 모두 키울 수 있었다. 30분씩 유산소를 추가하는 것이 중요하다.', FALSE, 39),
('운동 후 근육 회복을 위한 방법', '운동 후에는 꼭 스트레칭을 하고, 단백질을 섭취하며, 충분히 휴식을 취해야 한다. 물도 많이 마셔주면 좋다.', FALSE, 40),
('마라톤 훈련 시작!', '마라톤 준비를 시작했다. 처음엔 힘들었지만 점차 거리가 늘어나면서 즐거워지고 있다. 5km부터 차근차근 늘려가자.', TRUE, 41),
('상체 비대칭을 고치기 위한 운동', '상체 비대칭을 고치기 위해 한쪽 팔을 더 많이 쓰는 운동을 하고 있다. 덤벨을 사용한 비대칭 운동이 도움이 된다.', FALSE, 42),
('무릎을 위한 운동', '무릎이 자주 아픈 사람들에게 추천하는 운동은 스쿼트와 런지이다. 다만 무릎을 무리하게 사용하지 않도록 주의해야 한다.', TRUE, 43),
('운동을 시작하려면 어떻게 해야 할까?', '운동을 처음 시작할 때 가장 중요한 건 꾸준함이다. 처음에는 10분 정도씩 짧게 시작하되, 점차 시간을 늘려가자.', FALSE, 44),
('전신 운동으로 체형 개선', '전신 운동을 하면 지방이 고르게 빠지고 근육도 골고루 발달한다. 풀업, 푸시업, 스쿼트 등을 추천한다.', FALSE, 45),
('복부 지방 빼는 운동', '복부 지방을 빼려면 유산소와 복근 운동을 병행해야 한다. 나는 매일 20분씩 유산소 운동 후 복근 운동을 한다.', TRUE, 46),
('체력 훈련을 위한 운동', '체력을 키우기 위한 운동으로는 유산소와 근력 운동을 같이 해야 한다. 나는 매일 아침 30분씩 빠르게 걷기를 한다.', FALSE, 47),
('몸이 무겁다면 유산소 운동부터', '몸이 무겁다면 유산소 운동부터 시작하는 것이 좋다. 나는 요즘 자전거를 타면서 체력을 조금씩 키워가고 있다.', FALSE, 48),
('일주일에 몇 번 운동할까?', '운동을 얼마나 자주 해야 할까? 나의 경우 일주일에 3~4번 운동을 하며, 휴식일을 두고 있다.', FALSE, 49),
('운동 효과를 빠르게 보려면?', '운동을 빠르게 효과를 보려면 강도 높은 운동을 짧고 집중적으로 하는 것이 좋다. HIIT 운동을 추천한다.', FALSE, 50),
('운동으로 스트레스 해소', '운동은 스트레스를 해소하는 데 정말 좋은 방법이다. 특히 달리기나 수영이 스트레스 감소에 효과적이다.', FALSE, 51),
('팔 운동 루틴', '팔을 키우기 위한 운동으로는 덤벨 컬, 트라이셉스 푸시다운, 덤벨 플라이 등을 추천한다.', TRUE, 52),
('체중 감량을 위한 운동 계획', '체중 감량을 위해서는 꾸준한 운동이 필수이다. 나는 매일 아침 30분씩 조깅을 하고, 주 3회 웨이트 트레이닝을 한다.', FALSE, 53),
('체중 증가를 위한 운동', '체중 증가를 목표로 운동을 하고 있다. 나는 웨이트를 많이 하고, 단백질 보충제를 챙겨 먹고 있다.', TRUE, 54),
('유연성 향상을 위한 운동', '유연성을 높이기 위한 운동으로 요가와 스트레칭을 시작했다. 이제는 몸이 훨씬 부드럽고 유연해졌다.', FALSE, 55),
('운동 후 다리 근육 풀어주는 법', '운동 후 다리 근육을 풀어주는 스트레칭을 해주면 피로가 덜하고, 다리 근육이 빠르게 회복된다.', FALSE, 56),
('운동 중 마시는 물의 중요성', '운동 중에는 수분 보충이 중요하다. 물을 자주 마셔야 근육 경련을 방지할 수 있다.', TRUE, 57),
('어깨를 넓게 만드는 운동', '어깨를 넓게 만들기 위한 운동으로는 숄더 프레스와 레터럴 레이즈가 효과적이다. 꾸준히 하면 확실히 결과가 나온다.', FALSE, 58),
('운동 후 몸의 회복을 돕는 음식', '운동 후에는 단백질과 탄수화물을 함께 섭취하는 것이 좋다. 나는 운동 후 닭가슴살과 고구마를 먹는다.', FALSE, 59),
('스트레칭의 중요성', '스트레칭은 운동 전후로 꼭 해줘야 한다. 특히 전신 스트레칭을 통해 몸의 유연성과 혈액순환을 촉진시킬 수 있다.', FALSE, 60),
('장거리 달리기 위한 준비 운동', '장거리 달리기를 하기 전에 충분히 준비 운동을 해주어야 한다. 달리기 전 스트레칭을 하면 부상을 예방할 수 있다.', TRUE, 61),
('근육량 증가를 위한 식단', '근육량을 증가시키려면 식단이 매우 중요하다. 하루에 단백질을 2g/kg 체중으로 섭취하고 있다.', FALSE, 62),
('체지방 감소를 위한 운동 방법', '체지방을 감소시키기 위해서는 유산소와 근력 운동을 병행하는 것이 중요하다. 매일 40분씩 유산소 운동을 한다.', FALSE, 63),
('등 근육 키우는 법', '등 근육을 키우려면 풀업과 랫풀다운, 벤트오버로우가 효과적이다. 꾸준히 하면 근육이 두꺼워진다.', FALSE, 64),
('유산소 운동 후 운동 효과', '유산소 운동을 한 후에는 운동 효과가 극대화된다. 나는 30분 조깅 후에 웨이트 트레이닝을 한다.', TRUE, 65),
('어떤 운동을 시작해야 할지 모르겠어요', '어떤 운동을 시작해야 할지 모르겠다면, 우선 간단한 유산소 운동부터 시작해 보세요. 걷기나 자전거 타기부터 하면 좋습니다.', FALSE, 66),
('홈트 운동 추천', '홈트 운동으로는 스쿼트, 푸시업, 버피 등이 좋다. 집에서 할 수 있는 운동이기 때문에 꾸준히 하기가 편하다.', FALSE, 67),
('무릎을 위한 운동', '무릎이 좋지 않다면 스쿼트 대신에 레그 프레스와 런지를 추천한다. 이 운동들이 무릎에 부담을 덜 주고 효과적이다.', TRUE, 68),
('단기 목표 설정하기', '운동을 할 때 단기 목표를 설정하는 것이 중요하다. 나는 이번 달 안에 10kg 이상을 감량하는 것을 목표로 하고 있다.', FALSE, 69),
('체중 감량을 위한 식단', '체중 감량을 위해서는 식단이 가장 중요하다. 나는 하루 3끼를 규칙적으로 먹고, 저녁은 가볍게 먹는다.', TRUE, 70),
('운동의 즐거움', '운동을 하면서 몸도 좋아지고 기분도 좋아졌다. 처음에는 힘들었지만, 점점 운동이 즐겁게 느껴진다.', FALSE, 71);

INSERT INTO community_post (post_title, post_content, post_is_blinded, user_id)
VALUES
('운동할 때의 나 vs. 운동 후의 나', '운동할 때는 완벽한 자세로, 운동 후에는 바닥에 녹아내리는 모습이 나의 현실... 운동 5분 후 다리 떨림은 기본이다.', TRUE, 72),
('운동을 안 하는 이유', '“오늘은 피곤해서 운동 안 한다.” 그 다음 날은... “내일 운동할 거야” 그럼 또 2일 미루고...', FALSE, 73),
('헬스장에서 스쿼트 하는 사람', '헬스장에서 스쿼트를 하는 사람은 대체로 그 무게보다 더 중요한 건 팔꿈치 각도라는 사실.', TRUE, 74),
('푸쉬업 중간에 친구의 대답', '푸쉬업을 하다가 친구에게 질문: "너 운동하고 있니?" 나는 답했다: "응, 이건 내 몸을 지탱하기 위한 훈련 중이야!"', FALSE, 75),
('체중계와 친구', '체중계와 나는 친구가 아니야. 체중계는 항상 나를 실망시키니까... 근데 그래도 항상 올라가본다.', TRUE, 76),
('운동 후 나의 모습', '운동 후 거울에서 본 내 모습: "왜 이렇게 살이 빠졌지?!" → 운동 후 바로 집에서 스낵 먹으며 "그렇다, 운동한 게 맞다."', FALSE, 77),
('운동 안 할 이유 101', '“오늘은 운동 안 할 거야. 몸이 아픈 게 아니라 마음이 피곤해!”', TRUE, 78),
('홈트의 진실', '홈트 시작: “오늘부터 내가 진짜 운동을 시작한다!” 10분 후: “음, 나 오늘 좀 바빠서 5분만 더... 나중에 할게.”', FALSE, 79),
('운동하는 것처럼 보이기', '내가 헬스장에서 운동하는 것처럼 보이지만 사실은 휴대폰을 보고 있는 중이다... 모두가 나를 존경하는 그 순간...', TRUE, 80),
('운동과 피자', '피자와 운동의 관계: 운동 후 1시간 이내에는 피자와 함께 해야 한다. 이게 바로 균형 잡힌 식단이다.', FALSE, 81),
('허벅지 운동 후', '허벅지 운동 끝! 그 다음 날은 미친 듯이 계단을 오를 때, "이건 분명 내가 운동한 결과야!"', TRUE, 82),
('가장 쉬운 운동', '가장 쉬운 운동은... “내일 운동할 거야!”', FALSE, 83),
('운동하러 갔지만', '운동하러 갔지만 결국 운동기구 앞에서 20분 동안 물만 마시고 끝났다. “내일은 진짜 할 거야!”', TRUE, 84),
('운동 후 근육 통증', '운동 후 근육이 아픈 건 진짜 기분 좋다. “이게 내 몸이 변하고 있다는 증거니까!”라고 생각하면서 소리 질렀다.', FALSE, 85),
('오늘의 목표', '오늘의 운동 목표: 10분 동안 운동하고, 나머지 50분은 휴식...', TRUE, 86),
('헬스장과 나의 관계', '헬스장에서 나의 관계는 항상 이렇게 시작된다: “오늘은 정말 운동할 거야!” → 10분 후: “이건 확실히 내 마지막 세트다.”', FALSE, 87),
('운동 안 하는 날', '운동을 안 하는 이유: "그냥 오늘은 조금만 쉬자..." 내일이 오면 또 같은 이유로 안 함.', TRUE, 88),
('운동하러 가는 길', '운동하러 가는 길은 너무 의욕 넘친다. 그러나 도착하면 그 의욕은 어디로 갔는지, 다시 집으로 돌아가고 싶은 마음만 생긴다.', FALSE, 89),
('운동 시작하기 전 마음', '운동 시작 전: "오늘은 정말 빡세게 할 거야!" 운동 시작 5분 후: "이건 너무 힘들어. 내일 더 열심히 하자!"', TRUE, 90),
('헬스장 가기 전 나의 기분', '헬스장 가기 전 나: "오늘은 진짜 대박 운동할 거야!" 헬스장에서 나: "아무것도 안 했는데 2시간 지나가 있었네..."', FALSE, 91),
('운동 전 내 마음가짐', '운동 전: “오늘은 강철 체력을 기른다!” 운동 후: “내일 할게!”', TRUE, 92),
('운동 후 유머', '운동 후 유머: “힘들다고?” 괜찮다. 그건 몸이 나를 사랑하는 방식이니까!”', FALSE, 93);

SELECT * FROM comment;

INSERT INTO comment (comment_title, comment_is_blinded, user_id, post_id, comment_id2, comment_updated_at)
VALUES
('운동 너무 힘들어요! 나도 이렇게 할 수 있을까요?', FALSE, 1, 1, NULL, NOW()),
('처음에는 정말 힘들죠. 하지만 꾸준히 하다 보면 점차 좋아질 거예요!', FALSE, 2, 1, 1, NOW()),
('나도 다리 운동 시작했는데, 아직 잘 못하겠어요 ㅠㅠ', FALSE, 3, 1, NULL, NOW()),
('운동 후에 스트레칭 꼭 해야 한다는 거 알지만, 자꾸 빼먹게 되더라고요 ㅋㅋ', FALSE, 4, 2, NULL, NOW()),
('스트레칭은 진짜 중요해요! 다친 경험이 있어서 더 느끼는 거 같아요.', FALSE, 5, 2, 4, NOW()),
('복근 운동 좋아하는데, 꾸준히 하면 복근도 보이고 뿌듯해요.', FALSE, 6, 3, NULL, NOW()),
('체중을 줄이려면 유산소 운동이 정말 중요하죠!', TRUE, 7, 4, NULL, NOW()),
('체중 감량을 위한 루틴을 알려주세요!', FALSE, 8, 4, NULL, NOW()),
('헬스장 가면 뭐부터 해야 할지 모르겠어요. 가기 전에 미리 준비를 해야 할까요?', FALSE, 9, 5, NULL, NOW()),
('가기 전에 간단히 유산소 운동이나 스트레칭을 하면 몸이 덜 뻣뻣해져요!', FALSE, 10, 5, 9, NOW()),
('헬스장에서는 무리하지 말고, 처음부터 과중하게 하진 않도록 해야겠어요.', FALSE, 11, 5, NULL, NOW()),
('홈트 처음 시작한지 2주 됐는데 확실히 몸이 좀 탄탄해진 느낌이에요.', FALSE, 12, 6, NULL, NOW()),
('운동은 정말 꾸준히 하는 게 중요하죠. 꾸준히 하다 보면 몸이 달라져요!', FALSE, 13, 6, 12, NOW()),
('스쿼트가 체중 줄이는데 진짜 좋다고 하더라고요. 나도 해봐야겠어요.', FALSE, 14, 7, NULL, NOW()),
('저도 스쿼트 한 지 3개월 됐는데 다리 라인이 진짜 달라졌어요!', FALSE, 15, 7, 14, NOW()),
('유산소 운동 후에 근력 운동 하는 게 체지방 감소에 효과적인가요?', TRUE, 16, 8, NULL, NOW()),
('유산소 후 근력 운동하는 건 효과가 정말 좋아요. 유산소로 체지방 빼고 근력 운동으로 근육을 만들어야죠!', FALSE, 17, 8, 16, NOW()),
('운동 후에 꼭 단백질 보충을 해야 한다고 하던데, 언제 먹어야 하나요?', TRUE, 18, 9, NULL, NOW()),
('운동 후 30분 이내에 단백질을 섭취하는 게 좋다고 해요! 특히 근육 회복에 도움이 돼요.', FALSE, 19, 9, 18, NOW()),
('다리 운동 너무 힘든데 스쿼트만 해도 좋은 효과가 있다고 하니까 해보려고요.', FALSE, 20, 10, NULL, NOW()),
('운동 후에 마사지받는 게 회복에 좋다고 하던데, 저는 아직 경험이 없어요.', FALSE, 21, 11, NULL, NOW()),
('저는 요즘 마사지 기기 사서 운동 후에 사용하고 있어요. 확실히 피로가 덜 쌓여요.', TRUE, 22, 11, 21, NOW()),
('운동을 하다 보면 체력이 점점 좋아지는 게 느껴져서 뿌듯하죠.', FALSE, 23, 12, NULL, NOW()),
('운동할 때 체력이 안 따라갈 때가 제일 힘든데, 그래도 꾸준히 하려고요!', FALSE, 24, 12, 23, NOW()),
('헬스장에서 다른 사람 운동하는 걸 보면 항상 자극이 돼요.', FALSE, 25, 13, NULL, NOW()),
('저도 헬스장 가서 다른 사람 운동하는 거 보면 자극이 돼서 더 열심히 하게 돼요!', FALSE, 26, 13, 25, NOW()),
('어깨 운동 너무 힘들어요. 어떻게 하면 효과적으로 할 수 있을까요?', TRUE, 27, 14, NULL, NOW()),
('어깨 운동은 덤벨 숄더 프레스와 레터럴 레이즈가 효과적이에요! 꾸준히 하면 어깨 라인도 좋아져요.', FALSE, 28, 14, 27, NOW()),
('운동 후 스트레칭 꼭 해야겠다는 생각은 있지만, 사실 좀 귀찮아요.', FALSE, 29, 15, NULL, NOW()),
('스트레칭은 귀찮더라도 해야 몸에 좋다는 걸 알고 있어요. 다친 적이 있어서 꼭 해야 해요!', FALSE, 30, 15, 29, NOW()),
('체중 감량을 위한 운동 루틴을 찾고 있는데, 어떤 운동이 가장 효과적일까요?', TRUE, 31, 16, NULL, NOW()),
('체중 감량은 유산소와 근력 운동을 병행하는 게 가장 효과적이에요. 꾸준히 하면 정말 효과 있어요!', FALSE, 32, 16, 31, NOW()),
('헬스장에서 내가 잘하고 있는지 모르겠어서 조언을 구하고 싶어요.', FALSE, 33, 17, NULL, NOW()),
('너무 급하게 운동을 하기보다 점차적으로 강도를 늘려가는 게 좋다고 생각해요!', FALSE, 34, 17, 33, NOW()),
('운동하는 날은 피곤하지만 운동을 하고 나면 기분이 너무 좋아져요.', FALSE, 35, 18, NULL, NOW()),
('운동 끝나고 나면 기분이 좋아지지만, 또 피곤해져서 바로 누워버려요.', TRUE, 36, 18, 35, NOW()),
('운동하는 데 힘든 점이 많긴 하지만, 목표가 있으면 힘든 것도 참을 수 있어요.', FALSE, 37, 19, NULL, NOW()),
('맞아요! 목표가 있으면 정말 힘든 것도 견딜 수 있죠. 목표를 명확히 세우는 게 중요해요.', FALSE, 38, 19, 37, NOW()),
('운동 시작하고 2주 만에 체력 차이를 느낄 수 있어요!', FALSE, 39, 20, NULL, NOW()),
('2주만에 차이가 나는 게 대단하네요! 정말 꾸준히 한 결과네요.', FALSE, 40, 20, 39, NOW()),
('운동 후에는 간단한 스트레칭을 꼭 해주세요! 안 하면 몸이 뻐근해져요.', FALSE, 41, 21, NULL, NOW()),
('스트레칭이 정말 중요하죠. 안 하면 운동 효과도 떨어지고, 근육이 뭉쳐요.', FALSE, 42, 21, 41, NOW()),
('운동을 시작하면서 힘들었지만, 지금은 점차 나아지는 게 느껴져요!', FALSE, 43, 22, NULL, NOW()),
('운동을 시작한 지 얼마 안 됐는데, 점점 변화가 느껴져서 기분이 좋아요!', TRUE, 44, 22, 43, NOW()),
('운동하면서 가장 힘든 건 바로 꾸준함이죠. 오늘도 운동하러 가야죠.', FALSE, 45, 23, NULL, NOW()),
('꾸준함이 정말 중요해요. 하루라도 빼먹으면 후회할 수 있어요.', FALSE, 46, 23, 45, NOW()),
('근육량 늘리기가 쉽지 않네요. 정말 효과가 있을까요?', TRUE, 47, 24, NULL, NOW()),
('근육량을 늘리려면 꾸준히 웨이트 트레이닝을 해야 해요. 시간이 지나면 결과가 보일 거예요.', FALSE, 48, 24, 47, NOW()),
('운동 후에는 꼭 물을 많이 마셔야 피로 회복에 도움이 된다고 하더라고요.', FALSE, 49, 25, NULL, NOW()),
('물은 운동 중에도 마셔야 하고, 운동 후에도 꼭 보충해 주세요! 피로가 덜 쌓여요.', TRUE, 50, 25, 49, NOW()),
('헬스장 갈 때마다 조금씩 발전하는 모습을 보니까 자신감이 생겨요.', FALSE, 51, 26, NULL, NOW()),
('자신감을 갖는 게 중요해요. 운동할 때마다 자신감을 더 얻을 수 있죠!', FALSE, 52, 26, 51, NOW()),
('다이어트 시작한 지 1개월 됐는데, 체중이 조금 빠진 것 같아요!', FALSE, 53, 27, NULL, NOW()),
('1개월 만에 빠졌다고요? 대단하네요! 계속해서 꾸준히 하세요!', FALSE, 54, 27, 53, NOW()),
('운동 후에는 무조건 스트레칭을 해야 한다는 걸 이제야 알았어요.', TRUE, 55, 28, NULL, NOW()),
('스트레칭이 정말 중요하죠! 하지 않으면 근육이 굳어서 더 아프다고 하더라고요.', FALSE, 56, 28, 55, NOW());

SELECT * FROM report;

SELECT COUNT(*) FROM user;
SELECT COUNT(*) FROM community_post;
SELECT COUNT(*) FROM comment;
SELECT COUNT(*) FROM place_review;
SELECT COUNT(*) FROM studio_review;

INSERT INTO report (user_id, report_reason, report_YN, reported_id, report_category, post_id, comment_id, review_id, review_id2) VALUES
(45, '부적절한 내용', FALSE, 12, 1, 10, NULL, NULL, NULL),
(32, '허위 정보 게시', FALSE, 24, 1, 11, NULL, NULL, NULL),
(18, '불쾌한 언어 사용', FALSE, 7, 1, 12, NULL, NULL, NULL),
(27, '타인 명예 훼손', FALSE, 33, 1, 13, NULL, NULL, NULL),
(5, '욕설 및 비하', FALSE, 50, 1, 14, NULL, NULL, NULL),
(29, '광고성 댓글', TRUE, 9, 2, NULL, 5, NULL, NULL),
(36, '스팸성 게시물', TRUE, 21, 1, 15, NULL, NULL, NULL),
(23, '인종 차별 발언', FALSE, 43, 1, 16, NULL, NULL, NULL),
(12, '저작권 침해', FALSE, 19, 1, 17, NULL, NULL, NULL),
(9, '사기성 행위', FALSE, 30, 1, 18, NULL, NULL, NULL),
(37, '불법 광고', TRUE, 25, 1, 19, NULL, NULL, NULL),
(41, '욕설 사용', TRUE, 38, 1, 20, NULL, NULL, NULL),
(4, '비방 댓글', FALSE, 14, 2, NULL, 3, NULL, NULL),
(8, '허위 정보', TRUE, 28, 2, NULL, 4, NULL, NULL),
(26, '저작권 침해', FALSE, 15, 2, NULL, 6, NULL, NULL),
(49, '욕설 및 비하', FALSE, 44, 1, 21, NULL, NULL, NULL),
(16, '불법 촬영물', TRUE, 8, 1, 22, NULL, NULL, NULL),
(34, '사기성 거래', FALSE, 39, 1, 23, NULL, NULL, NULL),
(19, '허위 광고', FALSE, 16, 2, NULL, 7, NULL, NULL),
(14, '명예 훼손', FALSE, 17, 3, NULL, NULL, 5, NULL),
(11, '불법 링크 공유', FALSE, 6, 3, NULL, NULL, 6, NULL),
(28, '스팸성 댓글', TRUE, 11, 2, NULL, 8, NULL, NULL),
(43, '부적절한 표현', FALSE, 31, 1, 24, NULL, NULL, NULL),
(6, '타인 명예 훼손', FALSE, 35, 3, NULL, NULL, 7, NULL),
(33, '허위 리뷰', TRUE, 48, 4, NULL, NULL, NULL, 4),
(25, '비방 댓글', FALSE, 10, 1, 25, NULL, NULL, NULL),
(7, '스팸성 댓글', TRUE, 40, 1, 26, NULL, NULL, NULL),
(42, '불법 광고', FALSE, 29, 4, NULL, NULL, NULL, 8),
(17, '사기성 거래', TRUE, 36, 4, NULL, NULL, NULL, 3),
(13, '모욕적 발언', FALSE, 4, 1, 27, NULL, NULL, NULL),
(40, '욕설 및 비하', TRUE, 2, 2, NULL, 9, NULL, NULL),
(3, '불법 링크', FALSE, 13, 4, NULL, NULL, NULL, 6),
(10, '사기성 거래', TRUE, 22, 1, 28, NULL, NULL, NULL),
(35, '부적절한 댓글', TRUE, 1, 1, 29, NULL, NULL, NULL),
(30, '불법 촬영물 유포', FALSE, 18, 3, NULL, NULL, 10, NULL),
(38, '욕설 및 비하', TRUE, 23, 3, NULL, NULL, 11, NULL),
(46, '불법 거래', FALSE, 37, 1, 30, NULL, NULL, NULL),
(2, '허위 광고', TRUE, 41, 4, NULL, NULL, NULL, 12),
(48, '비방 댓글', FALSE, 5, 1, 31, NULL, NULL, NULL),
(47, '모욕적인 발언', TRUE, 50, 3, NULL, NULL, 13, NULL),
(22, '욕설 사용', TRUE, 32, 1, 32, NULL, NULL, NULL),
(39, '사기성 판매', FALSE, 12, 2, NULL, 10, NULL, NULL),
(24, '욕설 사용', TRUE, 20, 4, NULL, NULL, NULL, 7),
(1, '허위 리뷰', FALSE, 44, 1, 33, NULL, NULL, NULL),
(44, '불법 촬영물', TRUE, 8, 4, NULL, NULL, NULL, 14),
(20, '허위 정보', TRUE, 9, 2, NULL, 11, NULL, NULL),
(31, '모욕적인 댓글', FALSE, 6, 1, 34, NULL, NULL, NULL),
(21, '부적절한 표현', FALSE, 25, 3, NULL, NULL, 15, NULL),
(18, '불법 링크', TRUE, 19, 1, 16, NULL, NULL, NULL),
(29, '허위 광고', FALSE, 37, 2, NULL, 31, NULL, NULL),
(37, '부적절한 내용', TRUE, 13, 1, 35, NULL, NULL, NULL);

-- ㅇㅇㅇ
